Player,Position,Nation,Age_2024,Value_2024_Euro,Base_Prediction_2024,Predicted_2025_Value_Euro,Growth_Factor,Growth_Percentage_2024_2025,Data_Source_Year
Erling Haaland,FW,NOR,24,180000000.0,226795904.0,261682557.13689604,1.1538240000000002,15.382400000000018,2024
Bukayo Saka,FW,ENG,23,150000000.0,202057232.0,233138483.65516803,1.1538240000000002,15.382400000000018,2024
Cole Palmer,MF,ENG,22,120000000.0,129778936.0,154670535.9248,1.1918,19.179999999999996,2024
Alexander Isak,FW,SWE,25,120000000.0,136557968.0,151936580.124288,1.112616,11.261600000000005,2024
Declan Rice,MF,ENG,25,120000000.0,130285136.0,142115026.3488,1.0908,9.079999999999998,2024
Phil Foden,"FW,MF",ENG,24,100000000.0,113248328.0,130668638.80627201,1.1538240000000002,15.382400000000018,2024
Rodri,MF,ESP,28,110000000.0,116687760.0,121390276.728,1.0403,4.03,2024
Moisés Caicedo,MF,ECU,23,90000000.0,90587512.0,102472593.57440002,1.1312000000000002,13.12000000000002,2024
William Saliba,DF,FRA,23,80000000.0,85045872.0,101014084.92672001,1.1877600000000001,18.776000000000014,2024
Martin Ødegaard,MF,NOR,26,85000000.0,92266776.0,100644599.2608,1.0908,9.079999999999998,2024
Alexis Mac Allister,MF,ARG,26,100000000.0,91525704.0,99836237.9232,1.0908,9.079999999999998,2024
Trent Alexander-Arnold,DF,ENG,26,75000000.0,83476528.0,95609006.57952,1.14534,14.534000000000002,2024
Dominik Szoboszlai,MF,HUN,24,80000000.0,81558664.0,92259160.71680002,1.1312000000000002,13.12000000000002,2024
Ryan Gravenberch,MF,NED,22,75000000.0,74506584.0,88796946.8112,1.1918,19.179999999999996,2024
Enzo Fernández,MF,ARG,23,75000000.0,74293160.0,84040422.59200002,1.1312000000000002,13.12000000000002,2024
Bruno Guimarães,MF,BRA,27,80000000.0,80615240.0,83864034.172,1.0403,4.03,2024
Cody Gakpo,"FW,MF",NED,25,70000000.0,73850664.0,82167430.37702401,1.112616,11.261600000000005,2024
Gabriel Magalhães,DF,BRA,27,75000000.0,72212608.0,78878914.90752001,1.0923150000000001,9.231500000000015,2024
Rúben Dias,DF,POR,27,65000000.0,71821536.0,78451741.09584,1.0923150000000001,9.231500000000015,2024
Luis Díaz,FW,COL,27,70000000.0,73455216.0,77943770.428896,1.0611059999999999,6.110599999999988,2024
Anthony Gordon,FW,ENG,23,65000000.0,66893340.0,77183141.13216001,1.1538240000000002,15.382400000000018,2024
Ibrahima Konaté,DF,FRA,25,60000000.0,64100312.0,73416651.34608,1.14534,14.534000000000002,2024
Kai Havertz,"MF,FW",GER,25,65000000.0,66642336.0,72693460.1088,1.0908,9.079999999999998,2024
Matheus Cunha,"FW,MF",BRA,25,60000000.0,64634116.0,71912951.607456,1.112616,11.261600000000005,2024
Ethan Nwaneri,FW,ENG,17,55000000.0,52465140.0,69568775.63999999,1.3259999999999998,32.59999999999999,2024
Murillo,DF,BRA,22,55000000.0,53610140.0,69079881.9984,1.28856,28.855999999999995,2024
Levi Colwill,DF,ENG,21,55000000.0,52190272.0,67250296.88832,1.28856,28.855999999999995,2024
Jurriën Timber,DF,NED,23,55000000.0,54636028.0,66822047.68512001,1.2230400000000001,22.304000000000013,2024
Sandro Tonali,MF,ITA,24,60000000.0,59065604.0,66815011.24480001,1.1312000000000002,13.12000000000002,2024
Bryan Mbeumo,FW,CMR,25,55000000.0,58269116.0,66756828.51302402,1.1456640000000002,14.566400000000023,2024
Morgan Rogers,"MF,FW",ENG,22,55000000.0,52756248.0,64742467.545600004,1.2272,22.720000000000006,2024
Gabriel Martinelli,FW,BRA,23,55000000.0,53842452.0,63970001.851392,1.188096,18.809600000000003,2024
Eberechi Eze,"MF,FW",ENG,26,55000000.0,56790704.0,63787318.732800014,1.1232000000000002,12.32000000000002,2024
Kobbie Mainoo,MF,ENG,19,50000000.0,48169060.0,62619778.0,1.3,30.000000000000004,2024
Pedro Neto,"FW,MF",POR,24,50000000.0,51673720.0,61393340.03712,1.188096,18.809600000000003,2024
Dejan Kulusevski,"FW,MF",SWE,24,50000000.0,51378296.0,61042347.964416005,1.188096,18.809600000000003,2024
Micky van de Ven,DF,NED,23,50000000.0,49173668.0,60141362.910720006,1.2230400000000001,22.304000000000013,2024
Morgan Gibbs-White,"MF,FW",ENG,24,50000000.0,51537592.0,60030987.1616,1.1648,16.480000000000004,2024
Nicolas Jackson,FW,SEN,23,50000000.0,49008684.0,58227021.425664,1.188096,18.809600000000003,2024
Amadou Onana,MF,BEL,23,50000000.0,49909376.0,58134441.1648,1.1648,16.480000000000004,2024
João Pedro,"FW,MF",BRA,23,50000000.0,48560932.0,57695049.065472,1.188096,18.809600000000003,2024
Milos Kerkez,DF,HUN,21,45000000.0,44651860.0,57536600.721599996,1.28856,28.855999999999995,2024
Adam Wharton,MF,ENG,20,45000000.0,43672780.0,56774614.0,1.3,30.000000000000004,2024
Jarrad Branthwaite,DF,ENG,22,50000000.0,44028492.0,56733353.65152,1.28856,28.855999999999995,2024
Marc Guéhi,DF,ENG,24,45000000.0,46380140.0,56724766.42560001,1.2230400000000001,22.304000000000013,2024
Marcus Rashford,FW,ENG,27,50000000.0,51875172.0,56680057.931328,1.092624,9.262400000000003,2024
Anthony Elanga,"FW,MF",SWE,22,42000000.0,44856304.0,56148609.394176,1.251744,25.1744,2024
Amad Diallo,"FW,MF",CIV,22,45000000.0,44139732.0,55251644.692608,1.251744,25.1744,2024
Scott McTominay,"MF,FW",SCO,28,50000000.0,51088072.0,54725542.72640001,1.0712000000000002,7.120000000000015,2024
Curtis Jones,MF,ENG,23,45000000.0,46694536.0,54389795.532800004,1.1648,16.480000000000004,2024
Mohammed Kudus,"FW,MF",GHA,24,45000000.0,44868624.0,53308232.699904,1.188096,18.809600000000003,2024
Cristian Romero,DF,ARG,26,50000000.0,45130576.0,53225196.111360006,1.1793600000000002,17.936000000000018,2024
Rico Lewis,"DF,MF",ENG,20,40000000.0,38513316.0,52570676.339999996,1.365,36.5,2024
Carlos Baleba,MF,CMR,20,40000000.0,40263648.0,52342742.4,1.3,30.000000000000004,2024
Ben White,DF,ENG,27,45000000.0,46475512.0,52273796.87712001,1.1247600000000002,12.47600000000002,2024
Sven Botman,DF,NED,24,42000000.0,42672576.0,52190267.351040006,1.2230400000000001,22.304000000000013,2024
Noni Madueke,FW,ENG,22,40000000.0,41422360.0,51850190.59584,1.251744,25.1744,2024
Bruno Fernandes,"MF,FW",POR,30,50000000.0,50231788.0,51196238.32960001,1.0192,1.9200000000000106,2024
Destiny Udogie,DF,ITA,22,40000000.0,39623544.0,51057313.856639996,1.28856,28.855999999999995,2024
Darwin Núñez,FW,URU,25,45000000.0,44167692.0,50601334.68748801,1.1456640000000002,14.566400000000023,2024
Mohamed Salah,FW,EGY,32,50000000.0,51298392.0,50063947.494912,0.975936,-2.4063999999999974,2024
Antoine Semenyo,FW,GHA,24,40000000.0,40629860.0,48272174.14656,1.188096,18.809600000000003,2024
Brennan Johnson,FW,WAL,23,40000000.0,40334904.0,47921738.102784,1.188096,18.809600000000003,2024
Alejandro Garnacho,FW,ARG,20,45000000.0,35918696.0,47628190.896,1.3259999999999998,32.59999999999999,2024
Andrey Santos,MF,BRA,20,35000000.0,36272224.0,47153891.2,1.3,30.000000000000004,2024
Roméo Lavia,MF,BEL,20,40000000.0,36147008.0,46991110.4,1.3,30.000000000000004,2024
Boubacar Kamara,MF,FRA,25,40000000.0,41523852.0,46639590.56640001,1.1232000000000002,12.32000000000002,2024
João Gomes,MF,BRA,23,40000000.0,39905076.0,46481432.5248,1.1648,16.480000000000004,2024
Dominic Solanke,FW,ENG,27,40000000.0,42381136.0,46306646.340864,1.092624,9.262400000000003,2024
Pedro Porro,DF,ESP,25,38000000.0,38682712.0,45620843.22432001,1.1793600000000002,17.936000000000018,2024
James Maddison,MF,ENG,28,42000000.0,42387116.0,45405078.659200005,1.0712000000000002,7.120000000000015,2024
Kaoru Mitoma,FW,JPN,27,40000000.0,41529792.0,45376447.454208,1.092624,9.262400000000003,2024
Jarrod Bowen,FW,ENG,28,40000000.0,41500096.0,45344000.891904004,1.092624,9.262400000000003,2024
Malo Gusto,DF,FRA,21,35000000.0,34709304.0,44725020.76224,1.28856,28.855999999999995,2024
Rasmus Højlund,FW,DEN,21,35000000.0,35359268.0,44260751.563392,1.251744,25.1744,2024
Lisandro Martínez,DF,ARG,26,40000000.0,37488708.0,44212682.666880004,1.1793600000000002,17.936000000000018,2024
Diogo Jota,FW,POR,28,40000000.0,40319828.0,44054411.748672,1.092624,9.262400000000003,2024
Jhon Durán,"FW,MF",COL,21,35000000.0,35084300.0,43916562.0192,1.251744,25.1744,2024
Marc Cucurella,DF,ESP,26,35000000.0,36256660.0,42759654.5376,1.1793600000000002,17.936000000000018,2024
David Raya,GK,ESP,29,40000000.0,41921668.0,42726564.0256,1.0192,1.9200000000000106,2024
Ollie Watkins,FW,ENG,29,40000000.0,40634276.0,42242743.181184,1.039584,3.9584000000000064,2024
Youri Tielemans,"MF,FW",BEL,27,38000000.0,39278092.0,42074692.150400005,1.0712000000000002,7.120000000000015,2024
Elliot Anderson,"MF,FW",SCO,22,32000000.0,34044520.0,41779434.944000006,1.2272,22.720000000000006,2024
Antony,FW,BRA,24,35000000.0,34812732.0,41360867.638272,1.188096,18.809600000000003,2024
Lewis Hall,DF,ENG,20,32000000.0,30207890.0,41233769.85,1.365,36.5,2024
Jan Paul van Hecke,DF,NED,24,32000000.0,32904004.0,40242913.05216,1.2230400000000001,22.304000000000013,2024
Antonee Robinson,DF,USA,27,35000000.0,35721524.0,40178141.334240004,1.1247600000000002,12.47600000000002,2024
Ezri Konsa,DF,ENG,27,35000000.0,35517232.0,39948361.86432001,1.1247600000000002,12.47600000000002,2024
Harvey Barnes,"FW,MF",ENG,27,35000000.0,35639652.0,38940739.126848005,1.092624,9.262400000000003,2024
Christopher Nkunku,"FW,MF",FRA,27,35000000.0,35062492.0,38310120.259008,1.092624,9.262400000000003,2024
Joelinton,"MF,FW",BRA,28,35000000.0,35628912.0,38165690.53440001,1.0712000000000002,7.120000000000015,2024
Matheus Nunes,MF,POR,26,35000000.0,33830136.0,37998008.755200006,1.1232000000000002,12.32000000000002,2024
Justin Kluivert,"MF,FW",NED,25,35000000.0,33772500.0,37933272.00000001,1.1232000000000002,12.32000000000002,2024
Bernardo Silva,"MF,FW",POR,30,38000000.0,37107968.0,37820440.9856,1.0192,1.9200000000000106,2024
Jacob Ramsey,"FW,MF",ENG,23,32000000.0,31654156.0,37608176.126976,1.188096,18.809600000000003,2024
Conor Bradley,DF,NIR,21,30000000.0,29139268.0,37547695.17408,1.28856,28.855999999999995,2024
Pape Matar Sarr,MF,SEN,22,32000000.0,30560298.0,37503597.7056,1.2272,22.720000000000006,2024
Dango Ouattara,"FW,DF",BFA,22,28000000.0,28291432.0,36775692.959616005,1.2998880000000002,29.988800000000015,2024
Diogo Dalot,DF,POR,25,30000000.0,30636286.0,36131210.256960005,1.1793600000000002,17.936000000000018,2024
Kevin Schade,"FW,MF",GER,23,30000000.0,30169656.0,35844447.614976004,1.188096,18.809600000000003,2024
Jakub Kiwior,DF,POL,24,28000000.0,28164476.0,35771137.67808001,1.2700800000000003,27.00800000000003,2024
Emile Smith Rowe,MF,ENG,24,30000000.0,30654640.0,35706524.672,1.1648,16.480000000000004,2024
Bart Verbruggen,GK,NED,22,30000000.0,29067716.0,35671901.0752,1.2272,22.720000000000006,2024
Yoane Wissa,FW,COD,28,32000000.0,32635428.0,35658251.883072,1.092624,9.262400000000003,2024
Pervis Estupiñán,DF,ECU,26,30000000.0,30091384.0,35488574.63424001,1.1793600000000002,17.936000000000018,2024
Simon Adingra,FW,CIV,22,28000000.0,27299508.0,35486302.85510401,1.2998880000000002,29.988800000000015,2024
Reece James,DF,ENG,25,30000000.0,30039486.0,35427368.208960004,1.1793600000000002,17.936000000000018,2024
Pau Torres,DF,ESP,27,32000000.0,31413452.0,35332594.27152,1.1247600000000002,12.47600000000002,2024
Harvey Elliott,"MF,FW",ENG,21,30000000.0,28778754.0,35317286.9088,1.2272,22.720000000000006,2024
Nathan Collins,DF,IRL,23,28000000.0,27657736.0,35127537.33888001,1.2700800000000003,27.00800000000003,2024
Ian Maatsen,"FW,MF",NED,22,28000000.0,26878832.0,34939471.170816004,1.2998880000000002,29.988800000000015,2024
Vitaliy Mykolenko,DF,UKR,25,28000000.0,28311892.0,34674140.37024001,1.2247200000000003,22.472000000000026,2024
Jadon Sancho,"FW,MF",ENG,24,28000000.0,27905990.0,34430187.214080006,1.2337920000000002,23.379200000000022,2024
Gabriel Jesus,FW,BRA,27,32000000.0,31037706.0,33912542.480544,1.092624,9.262400000000003,2024
Evan Ferguson,FW,IRL,20,25000000.0,24624836.0,33908399.172,1.377,37.7,2024
Mikkel Damsgaard,MF,DEN,24,28000000.0,27795816.0,33621819.03360001,1.2096000000000002,20.960000000000022,2024
Guglielmo Vicario,GK,ITA,28,32000000.0,31222602.0,33445651.262400005,1.0712000000000002,7.120000000000015,2024
Jean-Philippe Mateta,FW,FRA,27,30000000.0,30592550.0,33426154.3512,1.092624,9.262400000000003,2024
Rayan Aït-Nouri,"DF,MF",ALG,23,35000000.0,27209940.0,33278845.017600004,1.2230400000000001,22.304000000000013,2024
Danilo,MF,BRA,23,28000000.0,27472248.0,33230431.180800006,1.2096000000000002,20.960000000000022,2024
Jack Hinshelwood,DF,ENG,19,24000000.0,22905158.0,32468061.465,1.4175,41.75,2024
Lucas Paquetá,"FW,MF",BRA,27,28000000.0,28571904.0,32419053.729792003,1.134648,13.464800000000011,2024
Radu Drăgușin,DF,ROU,22,25000000.0,23738048.0,31764356.78976,1.33812,33.812,2024
Mason Mount,"MF,FW",ENG,25,28000000.0,27175398.0,31697384.2272,1.1664,16.64000000000001,2024
Oscar Bobb,"FW,MF",NOR,21,25000000.0,23890028.0,31054360.716864005,1.2998880000000002,29.988800000000015,2024
Joachim Andersen,DF,DEN,28,27000000.0,26479078.0,30928092.685560007,1.1680200000000003,16.802000000000028,2024
Callum Hudson-Odoi,"FW,MF",ENG,24,25000000.0,24889980.0,30709058.204160005,1.2337920000000002,23.379200000000022,2024
Alex Iwobi,"FW,MF",NGA,28,28000000.0,26861714.0,30478590.066672,1.134648,13.464800000000011,2024
Manuel Akanji,"DF,MF",SUI,29,28000000.0,27212742.0,30242064.43944,1.11132,11.132000000000009,2024
Trevoh Chalobah,DF,ENG,25,25000000.0,24623708.0,30157147.661760006,1.2247200000000003,22.472000000000026,2024
Julio Enciso,"MF,FW",PAR,20,22000000.0,22233324.0,30014987.400000002,1.35,35.00000000000001,2024
Tyrick Mitchell,"DF,MF",ENG,25,25000000.0,24433530.0,29924232.861600008,1.2247200000000003,22.472000000000026,2024
Cheick Doucouré,MF,MLI,24,25000000.0,24729940.0,29913335.424000006,1.2096000000000002,20.960000000000022,2024
Rodrigo Bentancur,MF,URU,27,30000000.0,27921004.0,29908979.484800003,1.0712000000000002,7.120000000000015,2024
Leon Bailey,"MF,FW",JAM,27,28000000.0,26791870.0,29803276.188,1.1124,11.240000000000006,2024
Dwight McNeil,"MF,FW",ENG,25,25000000.0,24975532.0,29131460.524800003,1.1664,16.64000000000001,2024
Keane Lewis-Potter,"FW,DF",ENG,23,23000000.0,23565584.0,29075029.014528006,1.2337920000000002,23.379200000000022,2024
Calvin Bassey,DF,NGA,25,25000000.0,23673074.0,28992887.189280007,1.2247200000000003,22.472000000000026,2024
Jack Grealish,"FW,MF",ENG,29,28000000.0,26811654.0,28945003.685472,1.079568,7.956800000000008,2024
Matty Cash,DF,POL,27,25000000.0,24202498.0,28269001.713960007,1.1680200000000003,16.802000000000028,2024
Sander Berge,MF,NOR,26,25000000.0,24163660.0,28184493.024000004,1.1664,16.64000000000001,2024
Benoît Badiashile,DF,FRA,23,22000000.0,21895350.0,27808846.128000006,1.2700800000000003,27.00800000000003,2024
Daniel Muñoz,"DF,MF",COL,28,25000000.0,23717228.0,27702196.648560006,1.1680200000000003,16.802000000000028,2024
Aaron Wan-Bissaka,DF,ENG,27,24000000.0,23623638.0,27592881.656760007,1.1680200000000003,16.802000000000028,2024
Lewis Miley,MF,ENG,18,22000000.0,20254948.0,27344179.8,1.35,35.00000000000001,2024
Mikey Moore,MF,ENG,17,18000000.0,20183796.0,27248124.6,1.35,35.00000000000001,2024
Yves Bissouma,MF,MLI,28,25000000.0,24349370.0,27086239.188,1.1124,11.240000000000006,2024
Nathan Aké,DF,NED,29,25000000.0,24236452.0,26934453.83664,1.11132,11.132000000000009,2024
Wilson Odobert,"MF,FW",FRA,20,20000000.0,19847050.0,26793517.5,1.35,35.00000000000001,2024
Neco Williams,DF,WAL,23,20000000.0,20899664.0,26544245.253120005,1.2700800000000003,27.00800000000003,2024
Jarell Quansah,DF,ENG,21,20000000.0,19772578.0,26458082.07336,1.33812,33.812,2024
Axel Disasi,DF,FRA,26,22000000.0,21548084.0,26390369.436480004,1.2247200000000003,22.472000000000026,2024
John Stones,"DF,MF",ENG,30,25000000.0,23519064.0,26137206.204480004,1.11132,11.132000000000009,2024
Edson Álvarez,MF,MEX,27,25000000.0,23476262.0,26114993.8488,1.1124,11.240000000000006,2024
André Onana,GK,CMR,28,25000000.0,23461758.0,26098859.599200003,1.1124,11.240000000000006,2024
Joe Willock,MF,ENG,25,22000000.0,21878652.0,25519259.692800004,1.1664,16.64000000000001,2024
Carney Chukwuemeka,"MF,FW",ENG,21,18000000.0,19797370.0,25229768.327999998,1.2744,27.439999999999998,2024
Ibrahim Sangaré,MF,CIV,27,24000000.0,22511842.0,25042173.0408,1.1124,11.240000000000006,2024
Alex Scott,MF,ENG,21,20000000.0,19409048.0,24734890.7712,1.2744,27.439999999999998,2024
Billy Gilmour,MF,SCO,23,20000000.0,20446232.0,24731762.227200005,1.2096000000000002,20.960000000000022,2024
Facundo Buonanotte,"FW,MF",ARG,20,20000000.0,17893828.0,24639801.156,1.377,37.7,2024
Beto,FW,GNB,26,22000000.0,20663228.0,24583620.921984002,1.1897280000000001,18.972800000000014,2024
Lesley Ugochukwu,MF,FRA,20,18000000.0,18168196.0,24527064.6,1.35,35.00000000000001,2024
Ola Aina,DF,NGA,28,22000000.0,20817470.0,24315221.309400007,1.1680200000000003,16.802000000000028,2024
Oleksandr Zinchenko,DF,UKR,28,20000000.0,20715200.0,24195767.904000007,1.1680200000000003,16.802000000000028,2024
Marcos Senesi,DF,ARG,27,22000000.0,20667092.0,24139576.797840007,1.1680200000000003,16.802000000000028,2024
Rodrigo Muniz,FW,BRA,23,20000000.0,19497802.0,24056232.125184003,1.2337920000000002,23.379200000000022,2024
Leandro Trossard,"FW,MF",BEL,30,22000000.0,21723344.0,23451827.035392,1.079568,7.956800000000008,2024
Tosin Adarabioyo,DF,ENG,27,20000000.0,20019544.0,23383227.782880004,1.1680200000000003,16.802000000000028,2024
Caoimhín Kelleher,GK,IRL,26,20000000.0,19905660.0,23217961.824,1.1664,16.64000000000001,2024
Joe Gomez,DF,ENG,27,20000000.0,19875500.0,23214981.510000005,1.1680200000000003,16.802000000000028,2024
Vitaly Janelt,"MF,DF",GER,26,20000000.0,19883158.0,23191715.491200004,1.1664,16.64000000000001,2024
Richarlison,FW,BRA,27,20000000.0,19891162.0,22569467.180976003,1.134648,13.464800000000011,2024
Marcus Tavernier,FW,ENG,25,18000000.0,18795290.0,22361282.781120002,1.1897280000000001,18.972800000000014,2024
Robert Sánchez,GK,ESP,27,20000000.0,20039678.0,22292137.8072,1.1124,11.240000000000006,2024
James Garner,MF,ENG,23,18000000.0,18362244.0,22210970.342400003,1.2096000000000002,20.960000000000022,2024
Sean Longstaff,MF,ENG,27,20000000.0,19946440.0,22188419.856000002,1.1124,11.240000000000006,2024
Orel Mangala,MF,BEL,26,18000000.0,18650766.0,21754253.4624,1.1664,16.64000000000001,2024
Takehiro Tomiyasu,DF,JPN,26,18000000.0,17761824.0,21753261.089280006,1.2247200000000003,22.472000000000026,2024
Kristoffer Ajer,DF,NOR,26,18000000.0,17744962.0,21732609.860640004,1.2247200000000003,22.472000000000026,2024
Dean Henderson,GK,ENG,27,20000000.0,19463656.0,21651370.9344,1.1124,11.240000000000006,2024
Eddie Nketiah,FW,ENG,25,18000000.0,18184492.0,21634599.298176,1.1897280000000001,18.972800000000014,2024
Tyler Adams,MF,USA,25,18000000.0,18048934.0,21052276.6176,1.1664,16.64000000000001,2024
Nicolás Domínguez,"MF,FW",ARG,26,18000000.0,17706790.0,20653199.856000002,1.1664,16.64000000000001,2024
Virgil van Dijk,DF,NED,33,23000000.0,21395978.0,20623583.194199998,0.9639,-3.610000000000002,2024
Jean-Ricner Bellegarde,"MF,FW",FRA,26,18000000.0,17630090.0,20563736.976000004,1.1664,16.64000000000001,2024
Andreas Pereira,MF,BRA,28,18000000.0,18310308.0,20368386.619200002,1.1124,11.240000000000006,2024
Andrew Robertson,DF,SCO,30,18000000.0,18044734.0,20053473.78888,1.11132,11.132000000000009,2024
Lloyd Kelly,DF,ENG,26,16000000.0,16358217.0,20034235.524240006,1.2247200000000003,22.472000000000026,2024
Reiss Nelson,FW,ENG,25,16000000.0,16664127.0,19825778.487456,1.1897280000000001,18.972800000000014,2024
Emiliano Martínez,GK,ARG,32,20000000.0,19850950.0,19723903.92,0.9936000000000001,-0.639999999999985,2024
Cesare Casadei,"FW,MF",ITA,21,15000000.0,15142965.0,19684158.48792,1.2998880000000002,29.988800000000015,2024
Nathan Patterson,DF,SCO,23,15000000.0,15488269.0,19671340.691520005,1.2700800000000003,27.00800000000003,2024
Konstantinos Mavropanos,DF,GRE,27,17000000.0,16838864.0,19668129.929280005,1.1680200000000003,16.802000000000028,2024
Ederson,GK,BRA,31,20000000.0,19768994.0,19642472.438400004,0.9936000000000001,-0.639999999999985,2024
Valentín Barco,"DF,FW",ARG,20,12000000.0,13856108.0,19641033.09,1.4175,41.75,2024
Alisson,GK,BRA,32,20000000.0,19538306.0,19413260.841600005,0.9936000000000001,-0.639999999999985,2024
Jordan Pickford,GK,ENG,30,18000000.0,17878988.0,18923120.8992,1.0584,5.840000000000001,2024
Tomáš Souček,MF,CZE,29,18000000.0,17720576.0,18755457.6384,1.0584,5.840000000000001,2024
Aaron Ramsdale,GK,ENG,26,16000000.0,15945819.0,18599203.281600002,1.1664,16.64000000000001,2024
Luis Sinisterra,"FW,MF",COL,25,15000000.0,15606232.0,18567171.184896003,1.1897280000000001,18.972800000000014,2024
Chris Richards,"DF,MF",USA,24,14000000.0,14452247.0,18355509.869760003,1.2700800000000003,27.00800000000003,2024
Taiwo Awoniyi,FW,NGA,27,16000000.0,16176768.0,18354937.457664,1.134648,13.464800000000011,2024
Dominic Calvert-Lewin,FW,ENG,27,16000000.0,16059148.0,18221480.159904003,1.134648,13.464800000000011,2024
Kevin De Bruyne,MF,BEL,33,20000000.0,19684900.0,18070738.2,0.918,-8.199999999999996,2024
Rico Henry,DF,ENG,27,15000000.0,15168288.0,17716863.749760006,1.1680200000000003,16.802000000000028,2024
Jacob Murphy,"FW,DF",ENG,29,16000000.0,16292391.0,17588743.967088003,1.079568,7.956800000000008,2024
Harry Wilson,FW,WAL,27,15000000.0,15379702.0,17450548.114896003,1.134648,13.464800000000011,2024
Ben Chilwell,DF,ENG,28,15000000.0,14798387.0,17284811.983740006,1.1680200000000003,16.802000000000028,2024
Dara O'Shea,DF,IRL,25,14000000.0,14017487.0,17167496.678640004,1.2247200000000003,22.472000000000026,2024
Lewis Cook,MF,ENG,27,15000000.0,15125011.0,16825062.2364,1.1124,11.240000000000006,2024
John McGinn,"MF,FW",SCO,30,16000000.0,15696715.0,16613403.156,1.0584,5.840000000000001,2024
Issa Diop,DF,FRA,27,14000000.0,14072511.0,16436974.298220003,1.1680200000000003,16.802000000000028,2024
Jack Harrison,"MF,FW",ENG,28,14000000.0,14128344.0,15716369.865600001,1.1124,11.240000000000006,2024
Mathias Jensen,MF,DEN,28,14000000.0,14095022.0,15679302.472800002,1.1124,11.240000000000006,2024
Cameron Archer,"FW,MF",ENG,23,12000000.0,12547089.0,15480498.031488003,1.2337920000000002,23.379200000000022,2024
Saša Lukić,MF,SRB,28,14000000.0,13657638.0,15192756.511200001,1.1124,11.240000000000006,2024
Kenny Tete,DF,NED,29,13000000.0,13631041.0,15148448.484120002,1.11132,11.132000000000009,2024
Matheus França,"MF,FW",BRA,20,10000000.0,10834478.0,14626545.3,1.35,35.00000000000001,2024
Tariq Lamptey,"DF,FW",GHA,24,11000000.0,11228575.0,14261188.536000004,1.2700800000000003,27.00800000000003,2024
Timothy Castagne,DF,BEL,29,13000000.0,12766427.0,14187585.653640002,1.11132,11.132000000000009,2024
Jakub Moder,"MF,DF",POL,25,12000000.0,11867161.0,13841856.590400001,1.1664,16.64000000000001,2024
Harry Maguire,DF,ENG,31,13000000.0,13222069.0,13794320.146320002,1.0432800000000002,4.328000000000021,2024
Thomas Partey,"MF,DF",GHA,31,14000000.0,13747859.0,13659872.702400003,0.9936000000000001,-0.639999999999985,2024
Ryan Yates,MF,ENG,27,12000000.0,12136540.0,13500687.096,1.1124,11.240000000000006,2024
Deivid Washington,"DF,FW",BRA,19,8000000.0,8927817.0,13391725.5,1.5,50.0,2024
Luke Shaw,DF,ENG,29,12000000.0,11621969.0,12915726.58908,1.11132,11.132000000000009,2024
Kalvin Phillips,MF,ENG,29,12000000.0,11988672.0,12688810.4448,1.0584,5.840000000000001,2024
Tim Iroegbunam,MF,ENG,21,9000000.0,9320328.0,12647685.095999997,1.3569999999999998,35.699999999999974,2024
Oliver Skipp,"MF,DF",ENG,24,10000000.0,10309857.0,12470803.027200002,1.2096000000000002,20.960000000000022,2024
Tommy Doyle,MF,ENG,23,10000000.0,10267430.0,12419483.328000002,1.2096000000000002,20.960000000000022,2024
Armando Broja,FW,ALB,23,12000000.0,10061602.0,12413924.054784002,1.2337920000000002,23.379200000000022,2024
Adam Webster,DF,ENG,29,11000000.0,11115829.0,12353243.084280001,1.11132,11.132000000000009,2024
Christian Nørgaard,MF,DEN,30,11000000.0,11354912.0,12018038.8608,1.0584,5.840000000000001,2024
Santiago Bueno,DF,URU,26,10000000.0,9795643.0,11996919.894960003,1.2247200000000003,22.472000000000026,2024
Aaron Hickey,DF,SCO,22,10000000.0,8870285.0,11869505.7642,1.33812,33.812,2024
Youssef Chermiti,FW,POR,20,8000000.0,8060781.0,11819120.14125,1.4662499999999998,46.624999999999986,2024
Ben Johnson,"DF,FW",ENG,24,8000000.0,8696910.0,11761701.084,1.3524,35.24,2024
Emerson,DF,BRA,25,10000000.0,9592410.0,11748016.375200002,1.2247200000000003,22.472000000000026,2024
Andrew Omobamidele,DF,IRL,22,8000000.0,8178955.5,11653784.744174998,1.4248499999999997,42.48499999999997,2024
Jaidon Anthony,FW,ENG,25,9000000.0,9079971.0,11502870.46164,1.26684,26.683999999999997,2024
Adama Traoré,"FW,MF",ESP,28,9000000.0,9378391.0,11330878.222289998,1.2081899999999999,20.81899999999999,2024
David Brooks,"FW,MF",WAL,27,10000000.0,9934940.0,11272659.801120002,1.134648,13.464800000000011,2024
Enes Ünal,"FW,MF",TUR,27,10000000.0,9899926.0,11232931.236048002,1.134648,13.464800000000011,2024
Philip Billing,MF,DEN,28,10000000.0,9983492.0,11105636.5008,1.1124,11.240000000000006,2024
Miguel Almirón,FW,PAR,30,10000000.0,10250641.0,11066264.003088001,1.079568,7.956800000000008,2024
Ryan Christie,MF,SCO,29,10000000.0,10254865.0,10853749.116,1.0584,5.840000000000001,2024
Diego Carlos,DF,BRA,31,9500000.0,9625215.0,10692651.3435,1.1109,11.09,2024
Lucas Digne,DF,FRA,31,10000000.0,10216872.0,10659058.220160002,1.0432800000000002,4.328000000000021,2024
Jefferson Lerma,"MF,DF",COL,30,10000000.0,10025377.0,10610859.0168,1.0584,5.840000000000001,2024
Nélson Semedo,"DF,MF",POR,31,9000000.0,9477418.0,10528463.6562,1.1109,11.09,2024
William Osula,FW,DEN,21,7000000.0,7606312.0,10528200.69168,1.38414,38.413999999999994,2024
Facundo Pellistri,"FW,MF",URU,23,8000000.0,7875495.0,10346510.3112,1.31376,31.376000000000005,2024
Odsonne Édouard,"FW,MF",FRA,26,8000000.0,8111438.0,10275894.11592,1.26684,26.683999999999997,2024
Bernd Leno,GK,GER,32,10000000.0,10334053.0,10267915.060800001,0.9936000000000001,-0.639999999999985,2024
Neal Maupay,FW,FRA,28,8000000.0,8432976.0,10188637.27344,1.2081899999999999,20.81899999999999,2024
James Tarkowski,DF,ENG,32,9000000.0,9031642.0,10033251.0978,1.1109,11.09,2024
Mark Flekken,GK,NED,31,10000000.0,10029910.0,9965718.576000001,0.9936000000000001,-0.639999999999985,2024
Casemiro,"MF,DF",BRA,32,10000000.0,9969221.0,9905417.985600002,0.9936000000000001,-0.639999999999985,2024
Victor Lindelöf,DF,SWE,30,8000000.0,8337933.0,9866693.015549999,1.18335,18.33499999999999,2024
Alphonse Areola,GK,FRA,31,9000000.0,9260788.0,9797913.704,1.058,5.800000000000005,2024
Raheem Sterling,"FW,MF",ENG,30,10000000.0,8879460.0,9585980.87328,1.079568,7.956800000000008,2024
Maxwel Cornet,"MF,FW",CIV,28,8000000.0,8076994.5,9567199.98525,1.1844999999999999,18.44999999999999,2024
Frank Onyeka,MF,NGA,26,7000000.0,7158926.0,8891386.092,1.242,24.2,2024
Chris Wood,FW,NZL,33,10000000.0,9409119.0,8810322.66684,0.9363600000000001,-6.363999999999992,2024
Callum Wilson,FW,ENG,32,8000000.0,8130280.5,8773873.504379999,1.07916,7.91599999999999,2024
Chiedozie Ogbene,"MF,DF",IRL,27,7000000.0,7284469.0,8628453.530499998,1.1844999999999999,18.44999999999999,2024
Wataru Endo,MF,JPN,31,8000000.0,8128009.0,8599433.522,1.058,5.800000000000005,2024
Nick Pope,GK,ENG,32,8000000.0,8070888.5,8539000.033,1.058,5.800000000000005,2024
Luke Thomas,DF,ENG,23,6000000.0,6252540.0,8455935.096,1.3524,35.24,2024
Stefan Ortega,GK,GER,32,8000000.0,7974418.0,8436934.244,1.058,5.800000000000005,2024
James Ward-Prowse,MF,ENG,30,8000000.0,7451798.0,8398176.346,1.127,12.7,2024
Max Aarons,DF,ENG,24,6000000.0,6192120.0,8374223.088,1.3524,35.24,2024
Will Hughes,MF,ENG,29,7000000.0,7385435.5,8323385.8085,1.127,12.7,2024
Ethan Pinnock,DF,JAM,31,7000000.0,7400184.5,8220864.96105,1.1109,11.09,2024
Álex Moreno,DF,ESP,31,7000000.0,7277074.0,8084101.5066,1.1109,11.09,2024
Mario Lemina,MF,GAB,31,7500000.0,7565120.0,8003896.96,1.058,5.800000000000005,2024
Ben Godfrey,DF,ENG,26,6000000.0,6035847.0,7871348.0727,1.3041,30.410000000000004,2024
Chris Mepham,DF,WAL,27,6000000.0,6298647.5,7833785.3619375,1.243725,24.372499999999995,2024
Mads Roerslev,DF,DEN,25,6000000.0,5931535.0,7735314.793500001,1.3041,30.410000000000004,2024
Abdoulaye Doucouré,"FW,MF",MLI,31,7000000.0,7097750.5,7659608.429579999,1.07916,7.91599999999999,2024
Matz Sels,GK,BEL,32,7000000.0,7223357.0,7642311.706,1.058,5.800000000000005,2024
Fabian Schär,DF,SUI,33,7000000.0,7382682.0,7577400.237749998,1.0263749999999998,2.6374999999999815,2024
José Sá,GK,POR,31,7000000.0,7090599.0,7501853.742000001,1.058,5.800000000000005,2024
Sergio Reguilón,DF,ESP,28,6000000.0,5917782.0,7360093.41795,1.243725,24.372499999999995,2024
Ben Davies,DF,WAL,31,6000000.0,6400925.0,7110787.5825,1.1109,11.09,2024
Harrison Reed,MF,ENG,29,6000000.0,6302986.0,7103465.222,1.127,12.7,2024
Solly March,"FW,DF",ENG,30,6000000.0,6141454.5,7059847.60593,1.14954,14.954,2024
Josh Dasilva,"DF,FW",ENG,26,5000000.0,5321924.5,6940321.74045,1.3041,30.410000000000004,2024
David Datro Fofana,FW,CIV,22,6000000.0,4881218.5,6756289.77459,1.38414,38.413999999999994,2024
Dan Burn,DF,ENG,32,6000000.0,6028592.5,6697163.40825,1.1109,11.09,2024
Ross Barkley,MF,ENG,31,6000000.0,6261628.5,6624802.953000001,1.058,5.800000000000005,2024
Danny Ings,FW,ENG,32,6000000.0,6128863.0,6614023.79508,1.07916,7.91599999999999,2024
Sam Johnstone,GK,ENG,31,6000000.0,6101721.0,6455620.818,1.058,5.800000000000005,2024
Lewis Dunk,DF,ENG,33,6000000.0,6169197.0,6331909.570874999,1.0263749999999998,2.6374999999999815,2024
Jorginho,MF,ITA,33,6000000.0,6321822.5,6179581.493749999,0.9774999999999999,-2.2500000000000075,2024
Matt Targett,DF,ENG,29,5000000.0,5198994.0,6152229.549899999,1.18335,18.33499999999999,2024
Issa Kaboré,DF,BFA,23,4000000.0,4474958.0,6051933.199200001,1.3524,35.24,2024
Boubacar Traoré,MF,MLI,23,5000000.0,4666552.0,6010518.976,1.288,28.800000000000004,2024
Tyrone Mings,DF,ENG,31,5000000.0,5394783.5,5993064.99015,1.1109,11.09,2024
Daniel Jebbison,FW,ENG,21,4000000.0,4191967.75,5802270.241485,1.38414,38.413999999999994,2024
Vladimír Coufal,DF,CZE,32,5000000.0,5169601.5,5742910.30635,1.1109,11.09,2024
Pablo Sarabia,"MF,FW",ESP,32,5000000.0,5384560.0,5696864.48,1.058,5.800000000000005,2024
Michael Keane,DF,ENG,31,5000000.0,5055567.5,5616229.93575,1.1109,11.09,2024
Timo Werner,FW,GER,28,7000000.0,4638877.5,5604645.406725,1.2081899999999999,20.81899999999999,2024
Joël Veltman,DF,NED,32,4000000.0,4828824.5,5364341.13705,1.1109,11.09,2024
Divin Mubama,FW,ENG,20,4000000.0,3524511.0,5167814.253749999,1.4662499999999998,46.624999999999986,2024
Raúl Jiménez,FW,MEX,33,5000000.0,5098626.0,5083585.0533,0.9970499999999999,-0.2950000000000119,2024
Mason Holgate,DF,ENG,28,4000000.0,4023483.0,5004106.394175,1.243725,24.372499999999995,2024
Danny Welbeck,"FW,MF",ENG,34,5000000.0,4970746.0,4956082.299299999,0.9970499999999999,-0.2950000000000119,2024
Sasa Kalajdzic,FW,AUT,27,4000000.0,4078212.0,4927254.95628,1.2081899999999999,20.81899999999999,2024
Naouirou Ahamada,"MF,FW",FRA,22,3500000.0,3550961.75,4818655.094749999,1.3569999999999998,35.699999999999974,2024
Jamaal Lascelles,DF,ENG,31,4000000.0,4307031.5,4784681.29335,1.1109,11.09,2024
Kieran Trippier,DF,ENG,34,4000000.0,4519338.5,4638536.052937499,1.0263749999999998,2.6374999999999815,2024
Mark Travers,GK,IRL,25,4000000.0,3701011.25,4596655.9725,1.242,24.2,2024
Kyle Walker,DF,ENG,34,4000000.0,4454694.5,4572187.067437499,1.0263749999999998,2.6374999999999815,2024
Christian Eriksen,MF,DEN,32,4000000.0,4156792.0,4397885.936,1.058,5.800000000000005,2024
Carlos Vinícius,FW,BRA,29,3500000.0,3535087.75,4063724.772135,1.14954,14.954,2024
James Hill,DF,ENG,22,3000000.0,2815747.0,4012017.112949999,1.4248499999999997,42.48499999999997,2024
Jeffrey Schlupp,"FW,MF",GHA,32,3000000.0,3577979.75,3861212.6270099995,1.07916,7.91599999999999,2024
Harry Toffolo,DF,ENG,29,3000000.0,3163225.25,3743202.5995874996,1.18335,18.33499999999999,2024
Dane Scarlett,FW,ENG,20,2000000.0,1936157.25,2838890.5678124996,1.4662499999999998,46.624999999999986,2024
Charlie Taylor,DF,ENG,31,2200000.0,2273731.5,2525888.32335,1.1109,11.09,2024
Jordan Ayew,"FW,MF",GHA,33,2500000.0,2465618.5,2458344.9254249996,0.9970499999999999,-0.2950000000000119,2024
Matt Doherty,"DF,MF",IRL,32,2000000.0,2117492.0,2352321.8628,1.1109,11.09,2024
Matt Turner,GK,USA,30,2500000.0,1982193.0,2233931.511,1.127,12.7,2024
Emil Krafth,DF,SWE,30,2000000.0,1812019.625,2144253.42324375,1.18335,18.33499999999999,2024
James McConnell,MF,ENG,20,2000000.0,1212305.875,1742689.6953125,1.4375,43.75,2024
Jason Steele,GK,ENG,34,1500000.0,1619698.875,1583255.6503124998,0.9774999999999999,-2.2500000000000075,2024
Willy Boly,DF,CIV,33,1500000.0,1474126.75,1513006.8430312497,1.0263749999999998,2.6374999999999815,2024
Daniel Bentley,GK,ENG,31,1500000.0,1406812.0,1488407.0960000001,1.058,5.800000000000005,2024
Omari Kellyman,FW,ENG,19,1500000.0,965575.3125,1415774.8019531248,1.4662499999999998,46.624999999999986,2024
Neto,GK,BRA,35,1500000.0,1409932.125,1378208.6521875,0.9774999999999999,-2.2500000000000075,2024
Craig Dawson,DF,ENG,34,1500000.0,1338937.25,1374251.7199687497,1.0263749999999998,2.6374999999999815,2024
Tom Cairney,MF,SCO,33,1500000.0,1313325.375,1283775.5540625,0.9774999999999999,-2.2500000000000075,2024
Kaelan Casey,DF,ENG,20,1000000.0,832167.4375,1248251.15625,1.5,50.0,2024
Michail Antonio,FW,JAM,34,700000.0,1237059.75,1233410.4237374999,0.9970499999999999,-0.2950000000000119,2024
Myles Peart-Harris,"DF,MF",ENG,22,900000.0,836460.0625,1191830.1200531248,1.4248499999999997,42.48499999999997,2024
Odeluga Offiah,DF,ENG,22,600000.0,794526.3125,1132080.8163656248,1.4248499999999997,42.48499999999997,2024
Nathaniel Clyne,DF,ENG,33,1000000.0,1071693.25,1099959.1594687498,1.0263749999999998,2.6374999999999815,2024
Willian,FW,BRA,36,750000.0,1080154.25,1076967.7949624998,0.9970499999999999,-0.2950000000000119,2024
David Ozoh,"MF,DF",ENG,19,700000.0,718683.0,1033106.8125,1.4375,43.75,2024
James Milner,"DF,MF",ENG,38,1000000.0,979062.3125,1004885.0809921874,1.0263749999999998,2.6374999999999815,2024
Robin Olsen,GK,SWE,34,1000000.0,994945.125,972558.8596874999,0.9774999999999999,-2.2500000000000075,2024
Adam Smith,DF,ENG,33,750000.0,899551.6875,923277.3632578123,1.0263749999999998,2.6374999999999815,2024
Martin Dúbravka,GK,SVK,35,1000000.0,925530.0625,904705.6360937499,0.9774999999999999,-2.2500000000000075,2024
Wes Foderingham,GK,ENG,33,600000.0,920991.125,900268.8246874999,0.9774999999999999,-2.2500000000000075,2024
Remi Matthews,GK,ENG,30,400000.0,795594.625,896635.142375,1.127,12.7,2024
Adam Lallana,"MF,FW",ENG,36,750000.0,894582.0625,874453.96609375,0.9774999999999999,-2.2500000000000075,2024
Jonny Evans,DF,NIR,36,1000000.0,851355.1875,873809.6805703123,1.0263749999999998,2.6374999999999815,2024
Jayden Danns,FW,ENG,18,800000.0,575187.5,843368.6718749999,1.4662499999999998,46.624999999999986,2024
Daniel Gore,MF,ENG,20,800000.0,581384.0625,835739.58984375,1.4375,43.75,2024
Nathan Fraser,FW,IRL,19,600000.0,553971.1875,812260.2536718749,1.4662499999999998,46.624999999999986,2024
Alex Murphy,"DF,FW",IRL,20,300000.0,534784.5,802176.75,1.5,50.0,2024
Ben Mee,DF,ENG,35,700000.0,773911.875,794323.8007031248,1.0263749999999998,2.6374999999999815,2024
Leon Chiwome,FW,ENG,18,700000.0,540780.375,792919.2248437499,1.4662499999999998,46.624999999999986,2024
Mark O'Mahony,FW,IRL,19,500000.0,520820.28125,763652.7373828124,1.4662499999999998,46.624999999999986,2024
Aaron Cresswell,"DF,FW",ENG,35,500000.0,712706.0,731503.6207499999,1.0263749999999998,2.6374999999999815,2024
Joel Ward,DF,ENG,35,500000.0,706524.6875,725159.2761328124,1.0263749999999998,2.6374999999999815,2024
Dominic Sadi,FW,ENG,21,150000.0,495498.34375,685839.077518125,1.38414,38.413999999999994,2024
Joe White,MF,ENG,22,275000.0,494127.96875,670531.6535937499,1.3569999999999998,35.699999999999974,2024
Tawanda Chirewa,"MF,FW",ENG,21,500000.0,478512.0625,649340.8688124999,1.3569999999999998,35.699999999999974,2024
Séamus Coleman,DF,IRL,36,500000.0,594198.5625,609870.5495859374,1.0263749999999998,2.6374999999999815,2024
Ashley Young,"DF,MF",ENG,39,500000.0,455549.8125,467564.9388046874,1.0263749999999998,2.6374999999999815,2024
