Year,Squad,Age,Poss,MP_Playing,Starts_Playing,Min_Playing,Mins_Per_90_Playing,Gls,Ast,G_plus_A,G_minus_PK,PK,PKatt,CrdY,CrdR,PrgC_Progression,PrgP_Progression,Gls_Per_90,Ast_Per_90,G_plus_A_Per_90,G_minus_PK_Per_90,G_plus_A_minus_PK_Per_90,xG_Expected,npxG_Expected,xAG_Expected,npxG_plus_xAG_Expected,xG_Per_90,xAG_Per_90,xG_plus_xAG_Per_90,npxG_Per_90,npxG_plus_xAG_Per_90,Gls_mean,Gls_std,Gls_max,Gls_sum,Ast_mean,Ast_std,Ast_max,Ast_sum,xG_Expected_mean,xG_Expected_std,xG_Expected_max,xG_Expected_sum,xAG_Expected_mean,xAG_Expected_std,xAG_Expected_max,xAG_Expected_sum,market_value_euro_mean,market_value_euro_std,market_value_euro_max,market_value_euro_sum,attack_core_ratio,eng_player_ratio
2019,Arsenal,26.7,58.1,38,418,3420,38,69,52,121,65,4,5,73,2,868,1874,1.82,1.37,3.18,1.71,3.08,60.1,56.0,46.7,102.7,1.58,1.23,2.81,1.47,2.7,,,,,,,,,,,,,,,,,,,,,,
2019,Bournemouth,26.6,46.9,38,418,3420,38,55,43,98,48,7,9,60,1,738,1435,1.45,1.13,2.58,1.26,2.39,53.3,46.2,38.8,85.0,1.4,1.02,2.42,1.22,2.24,,,,,,,,,,,,,,,,,,,,,,
2019,Brighton,27.4,42.4,38,418,3420,38,35,24,59,30,5,6,61,4,475,1150,0.92,0.63,1.55,0.79,1.42,35.3,30.7,24.5,55.2,0.93,0.64,1.57,0.81,1.45,,,,,,,,,,,,,,,,,,,,,,
2019,Burnley,28.0,41.2,38,418,3420,38,43,32,75,41,2,2,75,1,421,1032,1.13,0.84,1.97,1.08,1.92,44.4,42.8,31.2,74.0,1.17,0.82,1.99,1.13,1.95,,,,,,,,,,,,,,,,,,,,,,
2019,Cardiff City,27.7,35.4,38,418,3420,38,33,20,53,30,3,4,66,1,434,918,0.87,0.53,1.39,0.79,1.32,42.4,39.2,27.6,66.8,1.11,0.73,1.84,1.03,1.76,,,,,,,,,,,,,,,,,,,,,,
2019,Chelsea,27.3,62.9,38,418,3420,38,61,52,113,56,5,5,49,0,1058,2155,1.61,1.37,2.97,1.47,2.84,58.6,54.6,44.9,99.6,1.54,1.18,2.72,1.44,2.62,,,,,,,,,,,,,,,,,,,,,,
2019,Crystal Palace,27.4,45.2,38,418,3420,38,48,33,81,38,10,11,58,2,771,1458,1.26,0.87,2.13,1.0,1.87,47.6,39.2,29.5,68.7,1.25,0.78,2.03,1.03,1.81,,,,,,,,,,,,,,,,,,,,,,
2019,Everton,25.7,51.5,38,418,3420,38,53,34,87,51,2,5,56,4,697,1581,1.39,0.89,2.29,1.34,2.24,49.7,45.7,33.7,79.4,1.31,0.89,2.19,1.2,2.09,,,,,,,,,,,,,,,,,,,,,,
2019,Fulham,26.0,48.8,38,418,3420,38,33,24,57,31,2,3,70,2,628,1487,0.87,0.63,1.5,0.82,1.45,41.3,39.0,30.0,69.0,1.09,0.79,1.88,1.03,1.82,,,,,,,,,,,,,,,,,,,,,,
2019,Huddersfield,26.2,47.2,38,418,3420,38,21,13,34,20,1,1,56,4,601,1248,0.55,0.34,0.89,0.53,0.87,28.8,28.0,19.9,47.9,0.76,0.52,1.28,0.74,1.26,,,,,,,,,,,,,,,,,,,,,,
2019,Leicester City,25.9,50.9,38,418,3420,38,48,34,82,43,5,7,60,5,752,1537,1.26,0.89,2.16,1.13,2.03,52.4,47.3,37.6,84.9,1.38,0.99,2.37,1.24,2.23,,,,,,,,,,,,,,,,,,,,,,
2019,Liverpool,26.1,61.8,38,418,3420,38,86,55,141,79,7,7,39,2,857,2008,2.26,1.45,3.71,2.08,3.53,73.7,68.4,49.8,118.2,1.94,1.31,3.25,1.8,3.11,,,,,,,,,,,,,,,,,,,,,,
2019,Manchester City,26.7,67.9,38,418,3420,38,91,71,162,88,3,4,44,1,1325,2429,2.39,1.87,4.26,2.32,4.18,84.3,81.3,65.5,146.7,2.22,1.72,3.94,2.14,3.86,,,,,,,,,,,,,,,,,,,,,,
2019,Manchester Utd,26.3,54.7,38,418,3420,38,65,40,105,56,9,12,75,4,801,1668,1.71,1.05,2.76,1.47,2.53,61.4,52.0,39.6,91.6,1.62,1.04,2.66,1.37,2.41,,,,,,,,,,,,,,,,,,,,,,
2019,Newcastle Utd,26.9,40.4,38,418,3420,38,41,33,74,40,1,3,57,2,467,985,1.08,0.87,1.95,1.05,1.92,39.1,36.7,27.4,64.1,1.03,0.72,1.75,0.97,1.69,,,,,,,,,,,,,,,,,,,,,,
2019,Southampton,25.4,43.4,38,418,3420,38,44,27,71,40,4,5,73,3,603,1333,1.16,0.71,1.87,1.05,1.76,46.9,43.4,29.3,72.7,1.23,0.77,2.0,1.14,1.91,,,,,,,,,,,,,,,,,,,,,,
2019,Tottenham,26.8,59.0,38,418,3420,38,66,47,113,62,4,4,57,3,840,1744,1.74,1.24,2.97,1.63,2.87,54.9,51.8,39.1,90.9,1.44,1.03,2.47,1.36,2.39,,,,,,,,,,,,,,,,,,,,,,
2019,Watford,28.5,46.7,38,418,3420,38,51,39,90,50,1,1,79,4,588,1294,1.34,1.03,2.37,1.32,2.34,48.2,47.5,34.8,82.3,1.27,0.92,2.19,1.25,2.17,,,,,,,,,,,,,,,,,,,,,,
2019,West Ham,27.6,48.6,38,418,3420,38,51,33,84,46,5,5,59,1,731,1478,1.34,0.87,2.21,1.21,2.08,47.6,43.8,34.1,77.9,1.25,0.9,2.15,1.15,2.05,,,,,,,,,,,,,,,,,,,,,,
2019,Wolves,26.1,46.8,38,418,3420,38,46,35,81,42,4,4,73,1,743,1350,1.21,0.92,2.13,1.11,2.03,52.1,49.0,39.4,88.4,1.37,1.04,2.41,1.29,2.33,,,,,,,,,,,,,,,,,,,,,,
2020,Arsenal,25.8,53.8,38,418,3420,38,56,35,91,53,3,3,88,5,815,1641,1.47,0.92,2.39,1.39,2.32,47.0,44.6,31.4,76.1,1.24,0.83,2.06,1.17,2.0,2.0,4.681523968396046,22.0,50.0,1.32,1.6512621435334445,6.0,33.0,1.7,3.2630507198019463,14.7,42.5,1.1320000000000001,1.2592060990957754,4.8,28.3,20140000.0,13166814.345163373,65000000.0,503500000.0,0.04,0.4
2020,Aston Villa,25.7,44.1,38,418,3420,38,40,32,72,39,1,3,70,1,639,1247,1.05,0.84,1.89,1.03,1.87,44.3,41.8,34.2,76.0,1.16,0.9,2.06,1.1,2.0,1.7777777777777777,2.2110831935702664,8.0,32.0,1.5,1.917412472118426,6.0,27.0,2.0555555555555554,2.3278928169742397,6.8,37.0,1.5333333333333334,2.0992996030889475,7.4,27.6,14155555.555555556,17158953.149962686,65000000.0,254800000.0,0.05555555555555555,0.5
2020,Bournemouth,25.2,44.1,38,418,3420,38,38,24,62,34,4,4,78,3,601,1256,1.0,0.63,1.63,0.89,1.53,44.8,41.7,30.6,72.3,1.18,0.8,1.98,1.1,1.9,4.0,3.40587727318528,8.0,24.0,2.0,1.6733200530681511,4.0,12.0,4.516666666666667,3.3629847853754358,9.9,27.1,2.683333333333333,1.244856082712643,4.1,16.099999999999998,16833333.333333332,8998147.957589198,32000000.0,101000000.0,0.5,0.3333333333333333
2020,Brighton,26.4,52.2,38,418,3420,38,35,24,59,34,1,2,59,2,669,1675,0.92,0.63,1.55,0.89,1.53,45.4,43.8,31.6,75.4,1.2,0.83,2.03,1.15,1.99,1.4545454545454546,2.364967989862356,10.0,32.0,0.9545454545454546,1.2527027058580456,4.0,21.0,1.8227272727272728,2.9497266730813294,13.4,40.1,1.190909090909091,1.3107282929763353,5.3,26.2,10272727.272727273,7393251.866409879,25000000.0,226000000.0,0.045454545454545456,0.2727272727272727
2020,Burnley,28.0,41.9,38,418,3420,38,41,30,71,38,3,3,67,0,437,890,1.08,0.79,1.87,1.0,1.79,47.4,45.3,32.4,77.7,1.25,0.85,2.1,1.19,2.04,1.875,3.593976442141304,14.0,30.0,1.6875,1.9906029237394383,6.0,27.0,2.2125,3.908431057769004,15.7,35.4,1.89375,2.166554484275282,7.7,30.3,7362500.0,7273410.479273117,25000000.0,117800000.0,0.0625,0.625
2020,Chelsea,25.5,60.4,38,418,3420,38,69,46,115,62,7,7,60,0,983,1897,1.82,1.21,3.03,1.63,2.84,69.2,64.4,46.7,111.1,1.82,1.23,3.05,1.7,2.92,2.6538461538461537,3.856862016637958,15.0,69.0,1.8846153846153846,2.1601282013236727,7.0,49.0,2.819230769230769,3.7606402891815347,16.4,73.3,1.7961538461538462,2.029675987783423,7.7,46.7,24663461.53846154,17285390.118202757,75000000.0,641250000.0,0.038461538461538464,0.34615384615384615
2020,Crystal Palace,29.4,44.8,38,418,3420,38,29,20,49,26,3,3,62,2,596,1223,0.76,0.53,1.29,0.68,1.21,35.8,33.6,26.0,59.5,0.94,0.68,1.63,0.88,1.57,1.125,2.028331934073565,9.0,27.0,0.7916666666666666,0.931532942621143,3.0,19.0,1.4416666666666667,1.9381561535032,7.5,34.6,1.0041666666666667,1.195091106829596,4.0,24.1,5927083.333333333,8800777.87034694,45000000.0,142250000.0,0.041666666666666664,0.375
2020,Everton,25.5,49.0,38,418,3420,38,42,32,74,41,1,1,76,3,623,1430,1.11,0.84,1.95,1.08,1.92,50.8,50.0,38.1,88.1,1.34,1.0,2.34,1.32,2.32,2.0476190476190474,3.7613320841982363,13.0,43.0,1.3333333333333333,1.7416467303484175,7.0,28.0,2.4761904761904763,3.5910868496744497,15.3,52.0,1.7142857142857142,1.9220524743840148,6.7,36.0,18119047.61904762,14599575.98862443,55000000.0,380500000.0,0.09523809523809523,0.47619047619047616
2020,Leicester City,26.1,57.1,38,418,3420,38,65,48,113,60,5,7,43,3,739,1612,1.71,1.26,2.97,1.58,2.84,62.2,56.7,44.9,101.6,1.64,1.18,2.82,1.49,2.67,2.9545454545454546,5.056605983193082,23.0,65.0,2.1818181818181817,2.129975712724569,8.0,48.0,2.859090909090909,4.367047503302878,19.2,62.9,2.059090909090909,2.024059826640058,6.4,45.3,20554545.454545453,19785798.833957538,60000000.0,452200000.0,0.045454545454545456,0.45454545454545453
2020,Liverpool,26.6,62.9,38,418,3420,38,83,69,152,78,5,5,38,1,967,1941,2.18,1.82,4.0,2.05,3.87,68.9,65.0,53.0,118.0,1.81,1.39,3.21,1.71,3.1,3.4583333333333335,5.124359274193653,19.0,83.0,2.8333333333333335,4.0931190049161525,13.0,68.0,2.920833333333333,5.000432952269726,19.0,70.1,2.2,3.163789692345448,10.9,52.800000000000004,33625000.0,28228589.42401418,100000000.0,807000000.0,0.08333333333333333,0.3333333333333333
2020,Manchester City,26.9,66.2,38,418,3420,38,100,69,169,94,6,11,64,4,1199,2460,2.63,1.82,4.45,2.47,4.29,92.0,83.6,68.4,152.0,2.42,1.8,4.22,2.2,4.0,4.947368421052632,6.484800041554664,20.0,94.0,3.1052631578947367,4.920419323166418,20.0,59.0,4.589473684210526,6.045374240491844,18.2,87.2,3.2052631578947373,4.77813000197666,20.0,60.900000000000006,44894736.84210526,27908371.37818071,100000000.0,853000000.0,0.10526315789473684,0.21052631578947367
2020,Manchester Utd,24.8,55.8,38,418,3420,38,65,43,108,55,10,14,73,0,926,1788,1.71,1.13,2.84,1.45,2.58,62.2,51.2,38.5,89.7,1.64,1.01,2.65,1.35,2.36,2.7083333333333335,5.094576542258202,17.0,65.0,1.6666666666666667,2.461294581006661,7.0,40.0,2.5875,4.388652610896702,19.2,62.1,1.4208333333333334,1.4791240553160148,5.0,34.1,28270833.333333332,24353813.720927224,90000000.0,678500000.0,0.08333333333333333,0.4166666666666667
2020,Newcastle Utd,26.5,39.0,38,418,3420,38,38,29,67,38,0,1,66,3,537,844,1.0,0.76,1.76,1.0,1.76,35.5,34.8,26.9,61.7,0.94,0.71,1.64,0.91,1.62,1.4761904761904763,1.6618979396776332,6.0,31.0,1.2857142857142858,1.3093073414159542,4.0,27.0,1.6142857142857143,1.8765089166549977,6.7,33.9,1.2238095238095237,1.1945311891720374,3.6,25.7,7833333.333333333,7232450.022871457,30000000.0,164500000.0,0.0,0.38095238095238093
2020,Norwich City,26.0,49.3,38,418,3420,38,25,18,43,23,2,2,68,3,673,1169,0.66,0.47,1.13,0.61,1.08,37.0,35.4,27.4,62.8,0.97,0.72,1.69,0.93,1.65,0.3333333333333333,0.5773502691896258,1.0,1.0,0.0,0.0,0.0,0.0,0.3666666666666667,0.35118845842842467,0.7,1.1,0.3666666666666667,0.5507570547286103,1.0,1.1,14000000.0,11532562.594670797,25000000.0,42000000.0,0.6666666666666666,0.6666666666666666
2020,Sheffield Utd,26.9,43.1,38,418,3420,38,36,25,61,35,1,1,63,2,493,1352,0.95,0.66,1.61,0.92,1.58,43.0,42.2,34.0,76.3,1.13,0.9,2.03,1.11,2.01,1.5,1.9056702094980706,6.0,30.0,1.25,1.3717065820970682,4.0,25.0,1.7899999999999998,2.2713084566529393,8.0,35.8,1.65,1.6516339597023624,5.3,33.0,5297500.0,5736964.055922555,22000000.0,105950000.0,0.05,0.55
2020,Southampton,25.9,48.9,38,418,3420,38,51,32,83,49,2,5,55,4,628,1335,1.34,0.84,2.18,1.29,2.13,56.1,52.1,36.4,88.5,1.48,0.96,2.43,1.37,2.33,2.2857142857142856,4.807731867969107,22.0,48.0,1.1428571428571428,1.314751470267833,4.0,24.0,2.2285714285714286,3.774141340377021,16.2,46.8,1.4571428571428573,1.630205946674048,6.8,30.6,10402380.952380951,8718091.479654193,30000000.0,218450000.0,0.047619047619047616,0.5238095238095238
2020,Tottenham,26.7,52.0,38,418,3420,38,56,39,95,53,3,4,84,3,768,1410,1.47,1.03,2.5,1.39,2.42,47.9,44.7,32.6,77.3,1.26,0.86,2.12,1.18,2.03,1.6521739130434783,4.040799826903916,18.0,38.0,1.0,1.5374122295716148,5.0,23.0,1.5086956521739132,3.0945572518504543,12.5,34.7,1.0260869565217392,1.180607467406022,3.5,23.6,20021739.13043478,23463936.671212524,120000000.0,460500000.0,0.08695652173913043,0.4782608695652174
2020,Watford,28.9,42.9,38,418,3420,38,35,21,56,28,7,8,80,3,578,1168,0.92,0.55,1.47,0.74,1.29,48.9,42.6,31.4,74.0,1.29,0.83,2.11,1.12,1.95,2.6666666666666665,1.1547005383792515,4.0,8.0,0.6666666666666666,1.1547005383792517,2.0,2.0,4.033333333333333,1.1060440015358042,5.2,12.1,1.5333333333333332,2.055075018906447,3.9,4.6,10666666.666666666,12423096.769056149,25000000.0,32000000.0,1.0,0.6666666666666666
2020,West Ham,27.4,44.1,38,418,3420,38,49,36,85,45,4,4,64,1,666,1377,1.29,0.95,2.24,1.18,2.13,48.6,45.4,36.7,82.2,1.28,0.97,2.24,1.2,2.16,2.409090909090909,2.684330029193077,10.0,53.0,1.8636363636363635,1.8846612565519705,5.0,41.0,2.3181818181818183,2.925851339457639,12.9,51.0,1.8318181818181818,1.3566016236788034,3.7,40.3,12193181.818181818,15929519.583334714,65000000.0,268250000.0,0.045454545454545456,0.36363636363636365
2020,Wolves,26.6,48.3,38,418,3420,38,49,34,83,45,4,4,61,2,858,1338,1.29,0.89,2.18,1.18,2.08,54.1,51.0,37.5,88.5,1.42,0.99,2.41,1.34,2.33,3.176470588235294,4.231360509895829,17.0,54.0,1.9411764705882353,2.680265570687309,9.0,33.0,3.8117647058823527,4.912341899865733,16.6,64.8,2.3058823529411767,2.502366526968845,7.9,39.2,22529411.76470588,14422714.927583952,45000000.0,383000000.0,0.058823529411764705,0.11764705882352941
2021,Arsenal,25.9,53.5,38,418,3420,38,53,38,91,47,6,6,49,5,758,1760,1.39,1.0,2.39,1.24,2.24,51.8,47.0,35.1,82.1,1.36,0.92,2.29,1.24,2.16,2.391304347826087,3.928209520828248,13.0,55.0,1.3478260869565217,1.2287723234696089,4.0,31.0,2.1739130434782608,3.310481617159263,11.7,50.0,1.2869565217391306,1.2469250716812748,4.4,29.6,20108695.652173914,14957482.561747491,65000000.0,462500000.0,0.08695652173913043,0.4782608695652174
2021,Aston Villa,25.2,48.5,38,418,3420,38,52,38,90,47,5,6,71,4,629,1420,1.37,1.0,2.37,1.24,2.24,52.5,47.9,37.4,85.3,1.38,0.98,2.37,1.26,2.25,2.608695652173913,4.008390409614479,14.0,60.0,1.6956521739130435,2.5483467476473955,10.0,39.0,2.5304347826086957,3.6911977339967104,14.5,58.2,1.7,2.0329110341397807,7.4,39.1,18882608.695652176,15580834.73589248,70000000.0,434300000.0,0.043478260869565216,0.5217391304347826
2021,Brighton,25.8,51.1,38,418,3420,38,39,24,63,33,6,9,49,6,685,1516,1.03,0.63,1.66,0.87,1.5,50.9,43.8,33.2,77.0,1.34,0.87,2.21,1.15,2.03,2.0,2.2478059477960657,8.0,40.0,1.1,1.99736668746891,8.0,22.0,2.555,3.031149686348834,13.2,51.1,1.54,1.560836482888515,5.2,30.8,14015000.0,9949571.532694789,40000000.0,280300000.0,0.05,0.4
2021,Burnley,28.3,42.1,38,418,3420,38,32,20,52,29,3,3,48,0,389,1012,0.84,0.53,1.37,0.76,1.29,39.3,36.9,27.7,64.6,1.03,0.73,1.76,0.97,1.7,2.0,3.788527573671675,12.0,36.0,1.0,1.4950900031928038,5.0,18.0,2.3333333333333335,4.064625009836483,13.0,42.0,1.411111111111111,2.0410173036961075,6.8,25.4,5463888.888888889,6750072.016076733,22000000.0,98350000.0,0.1111111111111111,0.6666666666666666
2021,Chelsea,26.0,60.9,38,418,3420,38,56,38,94,48,8,10,51,3,895,1798,1.47,1.0,2.47,1.26,2.26,62.4,54.5,41.5,96.1,1.64,1.09,2.74,1.44,2.53,2.259259259259259,2.313714838366291,7.0,61.0,1.4074074074074074,2.0240716629769056,8.0,38.0,2.4666666666666663,2.8583211855912904,11.4,66.6,1.6592592592592592,2.010981249053701,8.2,44.8,29175925.925925925,19422406.620122515,75000000.0,787750000.0,0.0,0.3333333333333333
2021,Crystal Palace,29.1,40.6,38,418,3420,38,39,29,68,36,3,4,56,2,526,1132,1.03,0.76,1.79,0.95,1.71,34.1,31.0,23.6,54.6,0.9,0.62,1.52,0.82,1.44,2.0,3.3726843908080104,11.0,34.0,1.4705882352941178,1.841115390830499,6.0,25.0,1.6588235294117646,2.598811945757477,8.3,28.2,1.1117647058823528,1.3397212177078,4.0,18.9,8235294.117647059,10368940.470008893,38000000.0,140000000.0,0.11764705882352941,0.47058823529411764
2021,Everton,26.3,46.4,38,418,3420,38,45,32,77,41,4,5,59,2,604,1184,1.18,0.84,2.03,1.08,1.92,45.7,41.9,30.7,72.6,1.2,0.81,2.01,1.1,1.91,1.2962962962962963,3.326060441825744,16.0,35.0,1.2222222222222223,2.006400016357911,7.0,33.0,1.4851851851851852,3.5108298058900447,16.3,40.1,1.0333333333333334,1.478044446089286,5.2,27.900000000000002,15077777.777777778,12072930.092800217,48000000.0,407100000.0,0.07407407407407407,0.4074074074074074
2021,Fulham,25.2,49.7,38,418,3420,38,26,18,44,23,3,6,67,3,727,1354,0.68,0.47,1.16,0.61,1.08,40.5,35.9,26.3,62.2,1.07,0.69,1.76,0.95,1.64,1.2,1.6431676725154982,4.0,6.0,1.0,1.7320508075688772,4.0,5.0,2.18,2.6892378102354577,6.3,10.9,1.36,2.2018174311236614,5.2,6.800000000000001,16600000.0,7266360.84983398,25000000.0,83000000.0,0.4,0.4
2021,Leeds United,26.1,57.3,38,418,3420,38,60,45,105,56,4,4,61,1,811,1633,1.58,1.18,2.76,1.47,2.66,55.6,52.5,41.9,94.3,1.46,1.1,2.57,1.38,2.48,3.411764705882353,4.569721319859283,17.0,58.0,2.3529411764705883,3.0606612126832218,9.0,40.0,3.129411764705882,4.3446468075498315,18.2,53.199999999999996,2.1705882352941175,2.3926357604852733,7.9,36.9,14370588.235294119,13984713.292819163,50000000.0,244300000.0,0.058823529411764705,0.35294117647058826
2021,Leicester City,26.5,54.3,38,418,3420,38,64,45,109,54,10,12,61,0,666,1464,1.68,1.18,2.87,1.42,2.61,55.8,46.3,33.7,80.1,1.47,0.89,2.36,1.22,2.11,3.0476190476190474,4.3413844620833855,15.0,64.0,2.0476190476190474,2.3764719749281804,9.0,43.0,2.6714285714285713,4.505124066786935,19.9,56.099999999999994,1.538095238095238,1.6023346062780368,5.1,32.3,21928571.42857143,18099921.073229652,60000000.0,460500000.0,0.047619047619047616,0.38095238095238093
2021,Liverpool,26.8,62.1,38,418,3420,38,65,43,108,59,6,6,40,0,886,2057,1.71,1.13,2.84,1.55,2.68,67.5,62.9,48.3,111.2,1.78,1.27,3.05,1.66,2.93,2.56,5.083306010855534,22.0,64.0,1.6,2.6457513110645903,7.0,40.0,2.6519999999999997,4.938295927409238,19.3,66.3,1.796,2.6645012041030616,8.6,44.9,30840000.0,26782581.40408924,90000000.0,771000000.0,0.08,0.28
2021,Manchester City,26.1,63.5,38,418,3420,38,82,55,137,77,5,9,46,2,1096,2051,2.16,1.45,3.61,2.03,3.47,68.2,61.2,45.4,106.6,1.8,1.19,2.99,1.61,2.81,3.45,4.236122854935307,13.0,69.0,2.55,3.235900590497018,12.0,51.0,3.05,3.6275988868961972,11.0,61.0,2.1,2.3673213821354695,8.0,42.0,42515000.0,30368860.00321278,90000000.0,850300000.0,0.0,0.3
2021,Manchester Utd,25.6,55.7,38,418,3420,38,70,51,121,60,10,11,64,1,877,1832,1.84,1.34,3.18,1.58,2.92,60.1,51.4,41.6,93.1,1.58,1.1,2.68,1.35,2.45,2.4814814814814814,4.172901318400115,18.0,67.0,1.8888888888888888,2.8599802760661097,12.0,51.0,2.1555555555555554,3.684200501239493,16.1,58.2,1.5259259259259261,2.4376206230655133,11.4,41.2,22537037.037037037,18526968.869693056,85000000.0,608500000.0,0.037037037037037035,0.3333333333333333
2021,Newcastle Utd,27.1,38.8,38,418,3420,38,44,26,70,38,6,7,65,3,467,903,1.16,0.68,1.84,1.0,1.68,43.4,37.8,29.0,66.8,1.14,0.76,1.91,1.0,1.76,1.72,2.836077102854105,12.0,43.0,1.04,1.42828568570857,5.0,26.0,1.7480000000000002,2.623312155780678,12.4,43.7,1.1520000000000001,1.2767536959022283,3.8,28.8,9232000.0,8273387.053277113,32000000.0,230800000.0,0.04,0.4
2021,Sheffield Utd,26.7,41.7,38,418,3420,38,19,13,32,16,3,4,73,3,491,1196,0.5,0.34,0.84,0.42,0.76,32.6,29.5,24.9,54.4,0.86,0.66,1.52,0.78,1.43,0.0,,0.0,0.0,0.0,,0.0,0.0,0.0,,0.0,0.0,0.1,,0.1,0.1,28000000.0,,28000000.0,28000000.0,0.0,1.0
2021,Southampton,26.6,52.0,38,418,3420,38,47,33,80,42,5,6,52,3,626,1195,1.24,0.87,2.11,1.11,1.97,41.2,36.6,25.8,62.5,1.09,0.68,1.77,0.96,1.64,1.625,2.886437551572948,12.0,39.0,1.1666666666666667,1.9034674690672027,7.0,28.0,1.3916666666666666,2.0032401290141815,8.5,33.4,0.875,1.0759222535351587,3.9,21.0,9475000.0,8593943.772518957,32000000.0,227400000.0,0.08333333333333333,0.5
2021,Tottenham,27.2,51.6,38,418,3420,38,66,50,116,61,5,5,57,2,633,1330,1.74,1.32,3.05,1.61,2.92,53.1,49.2,35.3,84.4,1.4,0.93,2.33,1.29,2.22,1.4736842105263157,5.2638011302842065,23.0,28.0,1.631578947368421,3.2354035694654755,14.0,31.0,1.7947368421052632,4.496600405270448,20.1,34.1,0.9789473684210527,1.6092023377259586,7.1,18.6,18355263.157894738,19270608.699496828,90000000.0,348750000.0,0.05263157894736842,0.3684210526315789
2021,West Brom,26.4,37.9,38,418,3420,38,33,20,53,29,4,4,51,4,441,1027,0.87,0.53,1.39,0.76,1.29,35.8,32.7,24.4,57.1,0.94,0.64,1.59,0.86,1.5,0.6666666666666666,1.1547005383792517,2.0,2.0,0.6666666666666666,1.1547005383792517,2.0,2.0,0.7333333333333334,0.7094598884597587,1.5,2.2,0.8666666666666667,0.8621678104251709,1.8,2.6,15000000.0,8660254.037844386,25000000.0,45000000.0,0.6666666666666666,1.0
2021,West Ham,27.8,43.2,38,418,3420,38,60,46,106,58,2,4,50,3,658,1282,1.58,1.21,2.79,1.53,2.74,55.4,52.1,39.6,91.7,1.46,1.04,2.5,1.37,2.41,2.9473684210526314,3.612842589838003,10.0,56.0,2.4210526315789473,2.673237518517454,8.0,46.0,2.8210526315789473,3.4996156848317597,12.9,53.6,2.0526315789473686,1.9554392575732134,6.5,39.0,15947368.421052631,20294399.01990072,80000000.0,303000000.0,0.05263157894736842,0.42105263157894735
2021,Wolves,26.3,49.3,38,418,3420,38,34,21,55,30,4,4,55,1,800,1283,0.89,0.55,1.45,0.79,1.34,36.5,33.4,24.1,57.6,0.96,0.63,1.6,0.88,1.51,2.1333333333333333,1.7265434778633235,5.0,32.0,1.1333333333333333,1.6417180315870612,6.0,17.0,2.2199999999999998,1.8068125050960404,5.3,33.3,1.3866666666666667,1.6745432923920596,5.4,20.8,16920000.0,11448780.34676932,40000000.0,253800000.0,0.0,0.2
2022,Arsenal,24.4,52.8,38,418,3420,38,60,41,101,55,5,8,67,4,734,1655,1.58,1.08,2.66,1.45,2.53,60.5,55.1,40.2,95.4,1.59,1.06,2.65,1.45,2.51,1.9166666666666667,3.188521078284832,11.0,46.0,1.1666666666666667,1.6594044679962139,7.0,28.0,1.8333333333333333,2.6262333196567593,10.3,44.0,1.4291666666666665,1.8475551804824495,7.5,34.3,24916666.666666668,28285680.30196423,120000000.0,598000000.0,0.08333333333333333,0.4583333333333333
2022,Aston Villa,26.1,46.5,38,418,3420,38,50,42,92,47,3,3,81,2,653,1300,1.32,1.11,2.42,1.24,2.34,44.0,42.0,34.8,76.8,1.16,0.92,2.08,1.1,2.02,1.7333333333333334,2.8031181324317775,11.0,52.0,1.3666666666666667,1.8473342085721576,6.0,41.0,1.6,2.699297482040785,11.6,48.0,1.1366666666666667,1.322610619409474,5.3,34.1,14976666.666666666,12030039.508443546,42000000.0,449300000.0,0.03333333333333333,0.6
2022,Brentford,25.4,44.8,38,418,3420,38,46,33,79,40,6,6,65,3,450,1189,1.21,0.87,2.08,1.05,1.92,45.8,41.1,33.0,74.1,1.21,0.87,2.07,1.08,1.95,2.142857142857143,2.9203717962909157,12.0,45.0,1.4761904761904763,1.9904534061124772,7.0,31.0,2.2095238095238097,2.9810912032181713,11.4,46.4,1.5666666666666667,1.5337318322749036,5.8,32.9,14638095.238095239,11181121.41918136,35000000.0,307400000.0,0.09523809523809523,0.19047619047619047
2022,Brighton,26.2,54.4,38,418,3420,38,40,30,70,36,4,7,72,2,676,1547,1.05,0.79,1.84,0.95,1.74,46.2,40.7,32.3,72.9,1.21,0.85,2.06,1.07,1.92,2.0,2.935197542821371,8.0,54.0,1.1851851851851851,1.2101187811068235,4.0,32.0,2.274074074074074,2.858131798731013,8.7,61.4,1.4296296296296296,1.6030775245937263,5.5,38.6,17985185.185185187,18397318.025769696,75000000.0,485600000.0,0.0,0.3333333333333333
2022,Burnley,28.5,40.2,38,418,3420,38,32,26,58,31,1,2,68,2,388,972,0.84,0.68,1.53,0.82,1.5,39.7,38.1,31.2,69.3,1.05,0.82,1.87,1.0,1.82,2.25,2.41679727964699,9.0,27.0,0.5833333333333334,0.9962049198956219,3.0,7.0,2.891666666666667,1.9345933720426922,6.7,34.7,1.1916666666666667,1.195794398056891,4.6,14.3,11533333.333333334,7134720.907242443,22000000.0,138400000.0,0.08333333333333333,0.3333333333333333
2022,Chelsea,27.4,61.8,38,418,3420,38,75,52,127,67,8,9,63,1,894,1967,1.97,1.37,3.34,1.76,3.13,63.4,56.6,44.9,101.5,1.67,1.18,2.85,1.49,2.67,3.6875,3.1563428204173265,11.0,59.0,2.6875,2.891798748184251,10.0,43.0,3.04375,2.798801826972868,8.7,48.7,2.13125,1.9171919570037843,6.7,34.1,26000000.0,18772320.048411705,65000000.0,416000000.0,0.0,0.375
2022,Crystal Palace,27.1,51.1,38,418,3420,38,50,31,81,44,6,8,69,1,592,1229,1.32,0.82,2.13,1.16,1.97,46.4,40.1,31.0,71.1,1.22,0.82,2.04,1.06,1.87,2.090909090909091,3.5174272376688007,14.0,46.0,1.3636363636363635,1.3988244910316505,5.0,30.0,1.9,2.7326944665694053,9.5,41.8,1.3318181818181818,1.3663947570283748,5.1,29.3,12390909.090909092,14112504.050053291,40000000.0,272600000.0,0.045454545454545456,0.5
2022,Everton,26.7,40.0,38,418,3420,38,42,29,71,36,6,7,82,6,512,1100,1.11,0.76,1.87,0.95,1.71,41.2,35.8,28.5,64.3,1.09,0.75,1.83,0.94,1.69,1.6785714285714286,2.2779713429175175,10.0,47.0,1.2142857142857142,1.5240575195022408,5.0,34.0,1.6785714285714286,2.100503844823047,9.2,47.0,1.2428571428571427,1.3245344594956878,3.8,34.8,14596428.57142857,11604420.682010772,48000000.0,408700000.0,0.03571428571428571,0.4642857142857143
2022,Leeds United,26.1,52.3,38,418,3420,38,42,26,68,37,5,5,101,3,671,1483,1.11,0.68,1.79,0.97,1.66,44.4,40.4,31.3,71.8,1.17,0.82,1.99,1.06,1.89,1.3461538461538463,2.096517258546806,8.0,35.0,1.0384615384615385,1.1825656592602114,4.0,27.0,1.6153846153846154,1.8524993511885088,6.1,42.0,1.0576923076923077,1.120418877714251,3.2,27.5,9530769.23076923,7794088.489657748,32000000.0,247800000.0,0.038461538461538464,0.38461538461538464
2022,Leicester City,26.5,52.0,38,418,3420,38,62,46,108,60,2,2,55,1,622,1356,1.63,1.21,2.84,1.58,2.79,47.8,46.2,34.2,80.4,1.26,0.9,2.16,1.22,2.12,2.074074074074074,3.802083699215531,15.0,56.0,1.6666666666666667,2.57203899958469,10.0,45.0,1.6592592592592594,2.68575433598763,10.8,44.800000000000004,1.2111111111111112,1.5031590665951422,5.1,32.7,17042592.592592593,17237106.127054147,60000000.0,460150000.0,0.07407407407407407,0.4074074074074074
2022,Liverpool,27.7,62.7,38,418,3420,38,94,71,165,87,7,8,50,1,885,2243,2.47,1.87,4.34,2.29,4.16,88.7,82.7,63.5,146.2,2.33,1.67,4.0,2.18,3.85,3.4285714285714284,5.581858369498715,23.0,72.0,3.1904761904761907,3.8680621455587767,13.0,67.0,3.314285714285714,5.647502608612564,22.7,69.6,2.6523809523809527,3.2064963819750436,12.0,55.7,30071428.57142857,20697998.522976633,75000000.0,631500000.0,0.09523809523809523,0.3333333333333333
2022,Manchester City,27.0,67.9,38,418,3420,38,96,63,159,89,7,9,42,1,1145,2421,2.53,1.66,4.18,2.34,4.0,88.7,81.4,65.5,146.9,2.33,1.72,4.06,2.14,3.87,4.6,4.860149445395578,15.0,92.0,3.05,2.781044862334261,8.0,61.0,4.335,4.276160968857341,14.0,86.7,3.255,2.9888344850371635,10.4,65.1,47525000.0,30853420.436502315,110000000.0,950500000.0,0.0,0.35
2022,Manchester Utd,27.2,52.7,38,418,3420,38,56,46,102,53,3,5,77,2,784,1568,1.47,1.21,2.68,1.39,2.61,55.8,51.9,42.5,94.3,1.47,1.12,2.59,1.36,2.48,2.28,3.984553509073089,18.0,57.0,1.4,1.7795130420052183,6.0,35.0,2.34,3.9983329859663597,17.7,58.5,1.52,2.0269023985711137,9.0,38.0,23940000.0,19631140.228388842,80000000.0,598500000.0,0.04,0.32
2022,Newcastle Utd,27.5,40.4,38,418,3420,38,41,23,64,38,3,3,81,2,544,923,1.08,0.61,1.68,1.0,1.61,38.1,35.9,25.8,61.7,1.0,0.68,1.68,0.94,1.62,1.5588235294117647,1.7954686477029156,8.0,53.0,0.7352941176470589,1.1094312910952706,5.0,25.0,1.5705882352941176,1.6685194692455154,6.2,53.4,0.9058823529411765,0.9257073221843992,4.3,30.8,12155882.352941176,15008405.547447363,70000000.0,413300000.0,0.0,0.4117647058823529
2022,Norwich City,26.2,42.9,38,418,3420,38,21,16,37,18,3,3,57,1,566,1031,0.55,0.42,0.97,0.47,0.89,32.3,30.0,24.3,54.3,0.85,0.64,1.49,0.79,1.43,0.0,0.0,0.0,0.0,1.0,0.0,1.0,3.0,0.6666666666666666,0.40414518843273806,0.9,2.0,1.5666666666666664,0.28867513459481287,1.9,4.699999999999999,10333333.333333334,2886751.345948129,12000000.0,31000000.0,0.6666666666666666,0.3333333333333333
2022,Southampton,25.7,47.7,38,418,3420,38,41,26,67,37,4,4,65,2,728,1326,1.08,0.68,1.76,0.97,1.66,44.8,41.6,32.5,74.1,1.18,0.85,2.03,1.1,1.95,1.565217391304348,2.5374662909811456,10.0,36.0,0.9565217391304348,1.521908516829063,5.0,22.0,1.665217391304348,1.9087379685046,5.9,38.300000000000004,1.191304347826087,1.5770839152972578,6.5,27.4,10297826.086956521,9729693.051554624,38000000.0,236850000.0,0.043478260869565216,0.43478260869565216
2022,Tottenham,26.5,51.8,38,418,3420,38,63,50,113,58,5,5,69,1,791,1459,1.66,1.32,2.97,1.53,2.84,61.2,57.3,47.0,104.4,1.61,1.24,2.85,1.51,2.75,2.0,4.211096452627668,17.0,32.0,2.1875,3.081531004765867,9.0,35.0,2.34375,4.442517116830652,18.6,37.5,1.9375,2.3756753425780497,9.1,31.0,23125000.0,24437334.824676223,90000000.0,370000000.0,0.0625,0.4375
2022,Watford,28.4,40.7,38,418,3420,38,33,26,59,32,1,2,63,3,557,1070,0.87,0.68,1.55,0.84,1.53,40.0,38.4,32.5,70.9,1.05,0.86,1.91,1.01,1.87,10.0,,10.0,10.0,6.0,,6.0,6.0,7.3,,7.3,7.3,4.1,,4.1,4.1,8000000.0,,8000000.0,8000000.0,1.0,0.0
2022,West Ham,28.2,47.9,38,418,3420,38,58,46,104,54,4,6,52,3,646,1449,1.53,1.21,2.74,1.42,2.63,51.4,46.8,37.4,84.2,1.35,0.99,2.34,1.23,2.22,2.7142857142857144,3.5797046965197716,12.0,57.0,2.238095238095238,2.8619008002508037,10.0,47.0,2.665,3.4674842996646795,11.9,53.3,1.875,2.1437485614541743,6.3,37.5,15133333.333333334,20629550.00317102,90000000.0,317800000.0,0.09523809523809523,0.38095238095238093
2022,Wolves,27.3,49.5,38,418,3420,38,35,22,57,34,1,1,62,2,723,1283,0.92,0.58,1.5,0.89,1.47,37.5,36.8,26.4,63.2,0.99,0.69,1.68,0.97,1.66,1.4,1.8180382718454353,6.0,28.0,1.0,1.2565617248750864,4.0,20.0,1.3900000000000001,1.54064238140083,6.1,27.8,1.05,1.2167688012886728,3.9,21.0,14350000.0,13237804.71544321,40000000.0,287000000.0,0.05,0.25
2023,Arsenal,24.7,59.3,38,418,3420,38,84,64,148,81,3,4,51,0,824,2049,2.21,1.68,3.89,2.13,3.82,71.9,69.1,53.8,122.9,1.89,1.41,3.31,1.82,3.23,2.4285714285714284,4.202543951153356,15.0,68.0,1.8571428571428572,3.0757629070390746,11.0,52.0,2.157142857142857,3.824524039273923,14.0,60.4,1.4214285714285713,2.307533097207707,8.5,39.8,30517857.14285714,32950996.765358824,140000000.0,854500000.0,0.10714285714285714,0.32142857142857145
2023,Aston Villa,27.0,49.3,38,418,3420,38,49,35,84,46,3,4,80,1,637,1242,1.29,0.92,2.21,1.21,2.13,50.2,47.2,38.8,86.0,1.32,1.02,2.34,1.24,2.26,1.84,3.3995097685793856,15.0,46.0,1.4,2.1984843263788196,7.0,35.0,1.94,3.4696301435935983,16.5,48.5,1.3880000000000001,1.6197530676001202,5.1,34.7,20940000.0,18424010.602110133,70000000.0,523500000.0,0.04,0.4
2023,Bournemouth,26.3,40.4,38,418,3420,38,37,24,61,37,0,0,68,0,504,1006,0.97,0.63,1.61,0.97,1.61,38.6,38.6,28.5,67.1,1.02,0.75,1.76,1.02,1.76,1.6666666666666667,2.330951164939612,7.0,35.0,1.0952380952380953,1.7579750255553093,7.0,23.0,1.7476190476190478,2.320047208058286,9.1,36.7,1.1857142857142857,1.2701518469402446,3.9,24.9,11023809.523809524,10245091.740043363,40000000.0,231500000.0,0.047619047619047616,0.38095238095238093
2023,Brentford,26.2,43.8,38,418,3420,38,56,36,92,49,7,8,57,1,392,1131,1.47,0.95,2.42,1.29,2.24,56.8,50.6,38.7,89.2,1.49,1.02,2.51,1.33,2.35,2.75,4.85446078093996,20.0,55.0,1.8,2.1423056934551905,8.0,36.0,2.85,4.381119779955324,18.7,57.0,1.935,1.9451085749698016,7.6,38.7,18875000.0,13038278.664237691,50000000.0,377500000.0,0.05,0.25
2023,Brighton,26.3,60.2,38,418,3420,38,68,46,114,62,6,6,58,0,809,1849,1.79,1.21,3.0,1.63,2.84,73.3,68.9,52.2,121.2,1.93,1.37,3.3,1.81,3.19,2.3076923076923075,3.2956848243632857,10.0,60.0,2.0384615384615383,2.734677593147232,10.0,53.0,2.6423076923076922,3.376053681673095,12.1,68.7,2.1,2.961486113423462,10.9,54.6,21803846.153846152,21685248.08747607,75000000.0,566900000.0,0.0,0.34615384615384615
2023,Chelsea,26.3,58.7,38,418,3420,38,37,27,64,34,3,3,81,3,829,1737,0.97,0.71,1.68,0.89,1.61,49.5,47.2,38.6,85.8,1.3,1.02,2.32,1.24,2.26,1.3181818181818181,1.9367710889731524,7.0,29.0,0.7727272727272727,0.9725674505593151,3.0,17.0,1.6545454545454545,2.562128444185061,11.6,36.4,1.2545454545454546,1.400927336658616,4.6,27.6,27500000.0,18314059.132392302,75000000.0,605000000.0,0.09090909090909091,0.4090909090909091
2023,Crystal Palace,26.7,46.3,38,418,3420,38,38,29,67,37,1,3,82,3,556,1243,1.0,0.76,1.76,0.97,1.74,39.3,36.8,29.0,65.8,1.03,0.76,1.8,0.97,1.73,1.2916666666666667,2.31214499821132,10.0,31.0,1.125,2.419351332395776,11.0,27.0,1.3875,1.8166650046528765,7.3,33.3,1.1125,1.945186366392691,8.7,26.7,16641666.666666666,16172706.924796551,55000000.0,399400000.0,0.041666666666666664,0.375
2023,Everton,26.6,42.8,38,418,3420,38,32,24,56,29,3,3,81,2,500,1052,0.84,0.63,1.47,0.76,1.39,45.2,42.8,32.4,75.1,1.19,0.85,2.04,1.13,1.98,1.2727272727272727,1.7776875878998426,7.0,28.0,1.2727272727272727,2.0512903762734833,7.0,28.0,2.059090909090909,1.650586934831737,5.8,45.3,1.5681818181818181,1.995563260654176,6.1,34.5,19750000.0,17052963.713928774,60000000.0,434500000.0,0.045454545454545456,0.5909090909090909
2023,Fulham,28.2,48.8,38,418,3420,38,52,33,85,47,5,9,80,1,662,1326,1.37,0.87,2.24,1.24,2.11,46.2,39.1,28.5,67.7,1.22,0.75,1.97,1.03,1.78,2.0,3.1333978072025603,14.0,46.0,1.2173913043478262,1.9530051840719362,6.0,28.0,1.7826086956521738,3.341563620646783,14.9,41.0,1.0782608695652174,1.5282064715747168,5.2,24.8,12039130.43478261,12709364.447683118,55000000.0,276900000.0,0.043478260869565216,0.13043478260869565
2023,Leeds United,25.3,47.0,38,418,3420,38,45,31,76,44,1,3,89,3,555,1429,1.18,0.82,2.0,1.16,1.97,47.4,45.0,31.9,76.9,1.25,0.84,2.09,1.18,2.02,3.3333333333333335,2.886751345948129,5.0,10.0,2.3333333333333335,4.041451884327381,7.0,7.0,2.8333333333333335,2.419366308216541,4.7,8.5,2.3000000000000003,2.475883680627989,5.1,6.9,16666666.666666666,1527525.2316519467,18000000.0,50000000.0,0.6666666666666666,0.3333333333333333
2023,Leicester City,26.1,47.7,38,418,3420,38,49,36,85,46,3,6,63,2,580,1304,1.29,0.95,2.24,1.21,2.16,50.6,45.8,38.5,84.2,1.33,1.01,2.34,1.2,2.22,3.625,5.040904113917888,13.0,29.0,1.875,3.090885217631258,9.0,15.0,2.925,3.74347050590377,8.9,23.4,2.5625,3.2275322284547814,9.3,20.5,25625000.0,20962125.71009234,70000000.0,205000000.0,0.25,0.375
2023,Liverpool,27.4,60.8,38,418,3420,38,71,58,129,69,2,4,57,1,719,1992,1.87,1.53,3.39,1.82,3.34,72.6,69.5,56.7,126.1,1.91,1.49,3.4,1.83,3.32,3.0,4.772607021092118,19.0,57.0,2.4210526315789473,3.485139714618247,12.0,46.0,3.2789473684210524,5.390071010392722,21.7,62.3,2.431578947368421,3.1406037338170343,11.5,46.2,34315789.473684214,23101353.090671614,75000000.0,652000000.0,0.05263157894736842,0.3157894736842105
2023,Manchester City,27.2,64.7,38,418,3420,38,92,69,161,83,9,10,44,1,987,2073,2.42,1.82,4.24,2.18,4.0,78.7,71.1,57.6,128.7,2.07,1.52,3.59,1.87,3.39,3.238095238095238,8.049253144887183,36.0,68.0,2.619047619047619,4.067876478903834,16.0,55.0,2.9047619047619047,6.137220559054089,28.4,61.0,2.1952380952380954,3.323774389226228,13.7,46.1,56047619.047619045,46556928.79741553,180000000.0,1177000000.0,0.047619047619047616,0.42857142857142855
2023,Manchester Utd,26.9,53.7,38,418,3420,38,56,42,98,53,3,3,78,2,711,1595,1.47,1.11,2.58,1.39,2.5,67.7,65.3,52.2,117.5,1.78,1.37,3.15,1.72,3.09,2.5238095238095237,4.106324970323801,17.0,53.0,1.8095238095238095,2.4823184247603614,8.0,38.0,2.980952380952381,3.8484567098538407,15.4,62.6,2.242857142857143,3.65931297220823,16.7,47.1,28000000.0,17598295.371995553,70000000.0,588000000.0,0.047619047619047616,0.2857142857142857
2023,Newcastle Utd,27.3,52.3,38,418,3420,38,64,42,106,58,6,6,61,1,694,1618,1.68,1.11,2.79,1.53,2.63,72.0,67.4,51.9,119.3,1.89,1.37,3.26,1.77,3.14,2.4814814814814814,4.273085449562092,18.0,67.0,1.3703703703703705,2.15099526423947,7.0,37.0,2.859259259259259,3.9343907024379514,17.5,77.2,1.8111111111111111,2.6382297872354505,12.4,48.9,21955555.555555556,23605317.7407343,85000000.0,592800000.0,0.037037037037037035,0.4444444444444444
2023,Nott'ham Forest,26.5,37.6,38,418,3420,38,36,22,58,33,3,6,84,0,435,859,0.95,0.58,1.53,0.87,1.45,39.3,34.6,26.3,61.0,1.03,0.69,1.73,0.91,1.6,1.875,2.8939592256975564,10.0,45.0,1.0,1.7937088125857628,8.0,24.0,1.883333333333333,2.6663224415510665,8.6,45.199999999999996,1.125,1.7245667382802585,8.2,27.0,15214583.333333334,15194088.375350822,48000000.0,365150000.0,0.041666666666666664,0.3333333333333333
2023,Southampton,24.7,44.5,38,418,3420,38,36,25,61,34,2,4,73,0,588,1125,0.95,0.66,1.61,0.89,1.55,37.7,34.5,28.2,62.7,0.99,0.74,1.73,0.91,1.65,3.3333333333333335,4.932882862316247,9.0,10.0,1.3333333333333333,2.3094010767585034,4.0,4.0,2.0333333333333337,3.181718613160714,5.7,6.1000000000000005,2.2666666666666666,3.4195516275285764,6.2,6.8,23333333.333333332,16072751.268321592,35000000.0,70000000.0,0.3333333333333333,0.6666666666666666
2023,Tottenham,27.6,50.0,38,418,3420,38,68,46,114,63,5,6,77,3,692,1449,1.79,1.21,3.0,1.66,2.87,57.1,52.4,43.1,95.5,1.5,1.13,2.64,1.38,2.51,1.0952380952380953,1.300183137283433,5.0,23.0,1.5238095238095237,2.2275333357561142,8.0,32.0,1.1333333333333333,0.9891073416638526,3.3,23.8,1.2523809523809524,1.6262284733760652,6.1,26.3,20723809.523809522,18756489.670562156,60000000.0,435200000.0,0.047619047619047616,0.23809523809523808
2023,West Ham,28.2,42.1,38,418,3420,38,41,25,66,35,6,8,44,0,614,1274,1.08,0.66,1.74,0.92,1.58,49.2,43.7,32.7,76.4,1.29,0.86,2.15,1.15,2.01,1.8695652173913044,2.2422461916992353,6.0,43.0,1.0869565217391304,1.44326156762008,5.0,25.0,2.3,2.580169127648947,8.9,52.9,1.4260869565217391,1.8589384535032472,7.4,32.8,19178260.86956522,27516952.73367012,120000000.0,441100000.0,0.0,0.43478260869565216
2023,Wolves,26.7,49.9,38,418,3420,38,28,12,40,25,3,3,85,6,610,1343,0.74,0.32,1.05,0.66,0.97,36.8,34.5,25.4,59.9,0.97,0.67,1.64,0.91,1.58,0.6086956521739131,1.1575495447783652,5.0,14.0,0.6956521739130435,1.6633695978261513,8.0,16.0,1.126086956521739,1.4248500371823338,6.0,25.9,1.0869565217391304,1.838552876542281,8.2,25.0,19039130.43478261,18606663.985358354,55000000.0,437900000.0,0.043478260869565216,0.21739130434782608
2024,Arsenal,25.0,58.2,38,418,3420,38,86,62,148,76,10,10,64,2,821,2106,2.26,1.63,3.89,2.0,3.63,76.1,68.5,55.3,123.8,2.0,1.46,3.46,1.8,3.26,3.6,4.573474244670748,16.0,90.0,2.48,3.070287717245188,10.0,62.0,3.2560000000000002,4.13814370622062,15.5,81.4,2.228,2.9687988592470633,10.5,55.7,43800000.0,35901485.57743352,150000000.0,1095000000.0,0.0,0.44
2024,Aston Villa,26.9,53.1,38,418,3420,38,72,55,127,68,4,4,94,2,775,1451,1.89,1.45,3.34,1.79,3.24,63.3,60.3,48.6,108.9,1.67,1.28,2.95,1.59,2.87,2.761904761904762,4.504495109385312,19.0,58.0,1.9523809523809523,3.4565328072533967,13.0,41.0,2.5,3.8036824262811426,16.8,52.5,1.8190476190476188,2.560003720235392,9.2,38.199999999999996,22047619.04761905,15265078.416032428,55000000.0,463000000.0,0.047619047619047616,0.42857142857142855
2024,Bournemouth,25.7,44.4,38,418,3420,38,52,39,91,50,2,3,79,3,709,1314,1.37,1.03,2.39,1.32,2.34,55.9,53.6,40.5,94.0,1.47,1.06,2.54,1.41,2.47,2.0,4.153311931459037,19.0,50.0,1.56,1.5022205785658331,5.0,39.0,2.168,4.00767180958388,19.6,54.2,1.604,1.6308177907622503,5.4,40.1,15356000.0,13165479.798827436,45000000.0,383900000.0,0.04,0.4
2024,Brentford,26.6,45.2,38,418,3420,38,54,38,92,51,3,3,89,2,505,1283,1.42,1.0,2.42,1.34,2.34,58.2,56.0,42.7,98.8,1.53,1.12,2.66,1.47,2.6,2.0434782608695654,3.0671019912135185,12.0,47.0,1.5217391304347827,1.5629100252527568,6.0,35.0,2.2956521739130435,2.990663997550554,10.6,52.8,1.7434782608695654,1.462819844421452,4.8,40.1,15156521.739130436,12772015.790460745,55000000.0,348600000.0,0.043478260869565216,0.21739130434782608
2024,Brighton,25.9,59.8,38,418,3420,38,50,36,86,45,5,6,90,3,864,1780,1.32,0.95,2.26,1.18,2.13,56.8,52.2,41.6,93.8,1.49,1.09,2.59,1.37,2.47,2.107142857142857,2.858894965415908,9.0,59.0,1.0714285714285714,1.2149857925879117,4.0,30.0,2.3392857142857144,3.12544388381866,11.9,65.5,1.3392857142857142,1.2172644758772861,3.8,37.5,18905357.14285714,14959044.94924896,50000000.0,529350000.0,0.0,0.32142857142857145
2024,Burnley,24.5,47.4,38,418,3420,38,40,30,70,37,3,3,77,7,727,1181,1.05,0.79,1.84,0.97,1.76,40.6,38.3,29.7,68.0,1.07,0.78,1.85,1.01,1.79,2.4,1.3416407864998738,4.0,12.0,2.0,1.224744871391589,4.0,10.0,2.02,1.7195929750961416,4.5,10.1,2.1399999999999997,0.779743547584717,3.3,10.7,13440000.0,9469318.877300521,25000000.0,67200000.0,0.6,0.2
2024,Chelsea,24.2,58.6,38,418,3420,38,76,51,127,65,11,12,109,4,873,1615,2.0,1.34,3.34,1.71,3.05,74.5,65.1,51.4,116.5,1.96,1.35,3.31,1.71,3.06,2.3214285714285716,4.906938182618803,22.0,65.0,1.5357142857142858,2.4567690745599773,11.0,43.0,2.5035714285714286,4.788681264603884,18.6,70.1,1.6035714285714284,2.369166464275935,11.1,44.9,36142857.14285714,30373860.942781523,120000000.0,1012000000.0,0.07142857142857142,0.39285714285714285
2024,Crystal Palace,26.7,42.3,38,418,3420,38,56,43,99,52,4,4,73,2,506,1176,1.47,1.13,2.61,1.37,2.5,48.6,45.4,38.7,84.1,1.28,1.02,2.3,1.2,2.21,2.269230769230769,3.9553274686952764,16.0,59.0,1.8076923076923077,2.154422999677283,7.0,47.0,2.1153846153846154,2.9334883408927754,10.9,55.0,1.573076923076923,1.5329860253264393,5.2,40.9,15657692.307692308,15510517.02753775,55000000.0,407100000.0,0.038461538461538464,0.46153846153846156
2024,Everton,27.1,40.8,38,418,3420,38,40,17,57,38,2,3,82,1,495,1129,1.05,0.45,1.5,1.0,1.45,54.0,51.6,38.1,89.8,1.42,1.0,2.43,1.36,2.36,2.0952380952380953,2.3854719010032777,7.0,44.0,1.0476190476190477,1.5644868320376006,6.0,22.0,2.9857142857142858,3.298073030465777,12.9,62.7,2.0714285714285716,2.1040776737427866,8.8,43.5,17333333.333333332,13892743.90944184,50000000.0,364000000.0,0.047619047619047616,0.47619047619047616
2024,Fulham,28.4,50.6,38,418,3420,38,54,40,94,52,2,2,84,4,670,1467,1.42,1.05,2.47,1.37,2.42,50.8,49.2,37.6,86.8,1.34,0.99,2.33,1.3,2.29,2.0952380952380953,2.4678890150240127,9.0,44.0,1.7619047619047619,2.2782616597915593,7.0,37.0,2.1714285714285717,2.340756898343537,8.7,45.6,1.7047619047619047,1.9379051035786534,7.1,35.8,14416666.666666666,9158102.059560886,35000000.0,302750000.0,0.047619047619047616,0.09523809523809523
2024,Liverpool,26.3,61.3,38,418,3420,38,80,60,140,74,6,9,69,5,924,2110,2.11,1.58,3.68,1.95,3.53,87.8,80.4,63.7,144.1,2.31,1.68,3.98,2.12,3.79,3.6363636363636362,4.655211667689845,18.0,80.0,2.590909090909091,2.8893744735642777,10.0,57.0,4.072727272727272,5.638910889286691,21.2,89.6,2.881818181818182,3.04750270340696,11.8,63.4,40990909.09090909,28078154.685854457,100000000.0,901800000.0,0.045454545454545456,0.3181818181818182
2024,Luton Town,26.7,42.4,38,418,3420,38,49,33,82,44,5,5,71,0,675,1113,1.29,0.87,2.16,1.16,2.03,42.4,38.6,29.5,68.2,1.12,0.78,1.89,1.02,1.79,3.0,2.6457513110645907,5.0,9.0,2.3333333333333335,1.5275252316519468,4.0,7.0,2.8333333333333335,2.281081614790083,4.2,8.5,2.966666666666667,0.8082903768654762,3.7,8.9,5666666.666666667,1527525.2316519467,7000000.0,17000000.0,0.6666666666666666,0.3333333333333333
2024,Manchester City,26.6,65.2,38,418,3420,38,94,69,163,85,9,10,53,2,1127,2060,2.47,1.82,4.29,2.24,4.05,80.5,72.9,60.2,133.1,2.12,1.58,3.7,1.92,3.5,4.217391304347826,7.6986216106233805,27.0,97.0,2.6956521739130435,3.8780827339936423,11.0,62.0,3.5,6.957272192722976,29.2,80.5,2.508695652173913,3.639669445964747,11.5,57.7,46695652.17391305,46596366.2088957,180000000.0,1074000000.0,0.08695652173913043,0.4782608695652174
2024,Manchester Utd,26.1,50.6,38,418,3420,38,57,36,93,51,6,7,83,1,759,1479,1.5,0.95,2.45,1.34,2.29,56.4,50.9,40.1,91.0,1.48,1.05,2.54,1.34,2.39,2.3461538461538463,3.321954938795018,10.0,61.0,1.5769230769230769,1.7475257233718058,8.0,41.0,2.4,3.177294446537809,10.0,62.4,1.6961538461538461,2.3912307741798187,11.8,44.1,26223076.923076924,17668894.876416188,50000000.0,681800000.0,0.0,0.38461538461538464
2024,Newcastle Utd,27.2,52.2,38,418,3420,38,83,55,138,75,8,9,79,1,737,1557,2.18,1.45,3.63,1.97,3.42,76.2,69.2,51.4,120.6,2.01,1.35,3.36,1.82,3.17,3.24,4.754646849837186,21.0,81.0,2.2,3.1224989991991996,10.0,55.0,3.056,4.551106092662164,20.3,76.4,2.048,2.389930263975639,8.0,51.2,25463000.0,29352070.057606947,120000000.0,636575000.0,0.04,0.56
2024,Nott'ham Forest,25.7,40.6,38,418,3420,38,49,43,92,48,1,1,82,3,604,1140,1.29,1.13,2.42,1.26,2.39,49.9,49.1,38.0,87.1,1.31,1.0,2.31,1.29,2.29,2.409090909090909,3.514041099430234,14.0,53.0,2.1363636363636362,3.2115187705901413,10.0,47.0,2.5772727272727276,3.4065667422930335,11.9,56.7,1.8454545454545455,2.5276993629116715,8.4,40.6,21795454.545454547,16060643.32675575,55000000.0,479500000.0,0.045454545454545456,0.18181818181818182
2024,Sheffield Utd,25.7,35.8,38,418,3420,38,31,18,49,26,5,5,101,5,343,884,0.82,0.47,1.29,0.68,1.16,38.3,34.4,25.8,60.2,1.01,0.68,1.69,0.91,1.58,0.5714285714285714,1.511857892036909,4.0,4.0,0.14285714285714285,0.37796447300922725,1.0,1.0,1.1714285714285713,1.9922468770329695,5.5,8.2,0.5,1.023067283548187,2.8,3.5,6514285.714285715,4248697.279334993,12000000.0,45600000.0,0.14285714285714285,0.8571428571428571
2024,Tottenham,25.2,61.6,38,418,3420,38,69,58,127,67,2,2,92,4,957,2107,1.82,1.53,3.34,1.76,3.29,68.2,66.7,57.4,124.1,1.79,1.51,3.31,1.75,3.27,2.45,2.981963323576917,11.0,49.0,2.15,3.1668513334889994,10.0,43.0,2.7199999999999998,3.0509015061125786,10.3,54.4,2.05,2.8113491797580603,8.1,41.0,28350000.0,15634896.865665598,50000000.0,567000000.0,0.05,0.2
2024,West Ham,28.3,41.1,38,418,3420,38,58,40,98,54,4,5,82,3,556,1207,1.53,1.05,2.58,1.42,2.47,52.3,48.4,34.8,83.2,1.38,0.92,2.29,1.27,2.19,2.8095238095238093,4.226334672254998,16.0,59.0,2.0952380952380953,2.9309514138716444,7.0,44.0,2.4666666666666663,3.298838179319097,11.6,51.8,1.8238095238095238,2.682145551961109,7.8,38.3,13295238.095238095,12096920.111767136,45000000.0,279200000.0,0.047619047619047616,0.5714285714285714
2024,Wolves,26.6,48.9,38,418,3420,38,47,36,83,43,4,4,102,4,671,1180,1.24,0.95,2.18,1.13,2.08,46.7,43.6,31.8,75.4,1.23,0.84,2.07,1.15,1.98,1.5454545454545454,2.667748698225363,12.0,34.0,1.5,2.595784127791685,9.0,33.0,1.8136363636363635,2.346282866587763,9.5,39.9,1.3409090909090908,1.5420021280045506,5.9,29.5,16922727.272727273,18368604.99195977,60000000.0,372300000.0,0.045454545454545456,0.22727272727272727
